0.0006315708160400391,-0.4504767656326294,2.0217378139495845,-2.0676772594451904,0.9979163987461421,-0.0509811651875252,-0.015258683384250144,0.036482248985391375
0.01697373390197754,-0.4504767656326294,2.0217378139495845,-2.0676772594451904,0.9979163987461421,-0.0509811651875252,-0.015258683384250144,0.036482248985391375
0.03349041938781738,-0.4504193067550659,2.021868944168091,-2.0676078796386723,0.9979180084617174,-0.05094750371421462,-0.015185594056956592,0.03651572245248608
0.05022382736206055,-0.4504193067550659,2.021868944168091,-2.0676078796386723,0.9979180084617174,-0.05094750371421462,-0.015185594056956592,0.03651572245248608
0.06674909591674805,-0.45024776458740234,2.0217349529266353,-2.0675699710845947,0.9979246003152963,-0.05062996632153223,-0.015313238964160092,0.036723334656088735
0.08354020118713379,-0.45024776458740234,2.0217349529266353,-2.0675699710845947,0.9979246003152963,-0.05062996632153223,-0.015313238964160092,0.036723334656088735
0.10014748573303223,-0.45024868845939636,2.021809816360473,-2.067563056945801,0.9979603035878621,-0.04975204709666366,-0.01532948295451557,0.036945544046079914
0.11674952507019043,-0.45024868845939636,2.021809816360473,-2.067563056945801,0.9979603035878621,-0.04975204709666366,-0.01532948295451557,0.036945544046079914
0.13347840309143066,-0.45019304752349854,2.0218231678009033,-2.0676901340484624,0.9980544668788356,-0.04801418787501746,-0.01533464326525415,0.03669833268464889
0.1504833698272705,-0.45019304752349854,2.0218231678009033,-2.0676901340484624,0.9980544668788356,-0.04801418787501746,-0.01533464326525415,0.03669833268464889
0.16725969314575195,-0.4500978887081146,2.0222404003143306,-2.0677270889282227,0.9980626256370391,-0.04771994303579,-0.0152558358806654,0.03689257126770562
0.18395018577575684,-0.4500978887081146,2.0222404003143306,-2.0677270889282227,0.9980626256370391,-0.04771994303579,-0.0152558358806654,0.03689257126770562
0.20042061805725098,-0.449886292219162,2.0232746601104736,-2.067718267440796,0.9980960427336474,-0.04704044374629533,-0.015120346971608075,0.03691695056533062
0.21689915657043457,-0.449886292219162,2.0232746601104736,-2.067718267440796,0.9980960427336474,-0.04704044374629533,-0.015120346971608075,0.03691695056533062
0.2334728240966797,-0.4494689404964447,2.0252492427825928,-2.067447423934937,0.9981532384609677,-0.04582034015720489,-0.015084511033278066,0.036919730560329655
0.2501485347747803,-0.4494689404964447,2.0252492427825928,-2.067447423934937,0.9981532384609677,-0.04582034015720489,-0.015084511033278066,0.036919730560329655
0.266796350479126,-0.4489077031612396,2.0283675193786617,-2.067203998565674,0.9981610985170242,-0.045731312831273255,-0.015304617360869667,0.03672651795982235
0.28374242782592773,-0.4489077031612396,2.0283675193786617,-2.067203998565674,0.9981610985170242,-0.045731312831273255,-0.015304617360869667,0.03672651795982235
0.30022692680358887,-0.44785216450691223,2.0333714485168457,-2.0670561790466313,0.9981367472841894,-0.046436101911018754,-0.01492866286819303,0.03665865771159077
0.3175344467163086,-0.44785216450691223,2.0333714485168457,-2.0670561790466313,0.9981367472841894,-0.046436101911018754,-0.01492866286819303,0.03665865771159077
0.33399009704589844,-0.4461822807788849,2.039810419082641,-2.0668063163757324,0.9981932471940922,-0.04537193713441538,-0.01462070469218383,0.03657681739966595
0.35062599182128906,-0.4461822807788849,2.039810419082641,-2.0668063163757324,0.9981932471940922,-0.04537193713441538,-0.01462070469218383,0.03657681739966595
0.367201566696167,-0.4445076882839203,2.0474948883056636,-2.0667061805725107,0.9983305875730075,-0.0422337353429797,-0.014468950367638416,0.03664695062855322
0.3838319778442383,-0.4445076882839203,2.0474948883056636,-2.0667061805725107,0.9983305875730075,-0.0422337353429797,-0.014468950367638416,0.03664695062855322
0.40033698081970215,-0.44237521290779114,2.056063175201416,-2.0680747032165527,0.9985350115546565,-0.0370031472500333,-0.014924773802158241,0.03654926702532818
0.4172556400299072,-0.44237521290779114,2.056063175201416,-2.0680747032165527,0.9985350115546565,-0.0370031472500333,-0.014924773802158241,0.03654926702532818
0.43368053436279297,-0.43900519609451294,2.065890789031982,-2.0689873695373535,0.9986515608758941,-0.03430421333340402,-0.014088994234595491,0.03632879228895758
0.4504270553588867,-0.43900519609451294,2.065890789031982,-2.0689873695373535,0.9986515608758941,-0.03430421333340402,-0.014088994234595491,0.03632879228895758
0.46697258949279785,-0.43628355860710144,2.077995777130126,-2.0686993598937993,0.9987412926851555,-0.031480751268430716,-0.014248822615393997,0.03635606743357539
0.48371291160583496,-0.43628355860710144,2.077995777130126,-2.0686993598937993,0.9987412926851555,-0.031480751268430716,-0.014248822615393997,0.03635606743357539
0.5003187656402588,-0.43390190601348877,2.0910639762878414,-2.069103717803956,0.9988892191618639,-0.02628853742212963,-0.014293484802601106,0.03639968316626896
0.5170276165008545,-0.43390190601348877,2.0910639762878414,-2.069103717803956,0.9988892191618639,-0.02628853742212963,-0.014293484802601106,0.03639968316626896
0.5336265563964844,-0.43019813299179077,2.1040232181549072,-2.0686995983123784,0.9990077361219286,-0.02132858364387458,-0.01440205375058213,0.03634852866417926
0.5503442287445068,-0.43019813299179077,2.1040232181549072,-2.0686995983123784,0.9990077361219286,-0.02132858364387458,-0.01440205375058213,0.03634852866417926
0.5670750141143799,-0.4256127178668976,2.1180648803710938,-2.069103717803956,0.9990872939099427,-0.018105189970789384,-0.01321192647546561,0.0363624289980235
0.5838499069213867,-0.4256127178668976,2.1180648803710938,-2.069103717803956,0.9990872939099427,-0.018105189970789384,-0.01321192647546561,0.0363624289980235
0.600292444229126,-0.4233154356479645,2.133640050888061,-2.0700271129608154,0.9991576450414523,-0.013146583638585958,-0.013568716793957191,0.03642880204478466
0.6169314384460449,-0.4233154356479645,2.133640050888061,-2.0700271129608154,0.9991576450414523,-0.013146583638585958,-0.013568716793957191,0.03642880204478466
0.6336977481842041,-0.41981589794158936,2.150489091873169,-2.0701510906219482,0.9991878879226972,-0.008248047165280558,-0.013948401332878693,0.03689141426938791
0.6503183841705322,-0.41981589794158936,2.150489091873169,-2.0701510906219482,0.9991878879226972,-0.008248047165280558,-0.013948401332878693,0.03689141426938791
0.6671571731567383,-0.41670578718185425,2.1667058467864986,-2.0693817138671884,0.9992659438938601,-0.0013421706724973947,-0.013720479032082861,0.0357424174746
0.6837153434753418,-0.41670578718185425,2.1667058467864986,-2.0693817138671884,0.9992659438938601,-0.0013421706724973947,-0.013720479032082861,0.0357424174746
0.7004837989807129,-0.4129813313484192,2.182981014251709,-2.0672965049743652,0.9992370524086835,0.0029979484761139723,-0.01396922313880645,0.036348125170888146
0.7170751094818115,-0.4129813313484192,2.182981014251709,-2.0672965049743652,0.9992370524086835,0.0029979484761139723,-0.01396922313880645,0.036348125170888146
0.7338764667510986,-0.4099911153316498,2.1982684135437007,-2.0643322467803955,0.9992671561106365,0.006414308452608314,-0.013888039692904777,0.035087458145664996
0.7503836154937744,-0.4099911153316498,2.1982684135437007,-2.0643322467803955,0.9992671561106365,0.006414308452608314,-0.013888039692904777,0.035087458145664996
0.7670965194702148,-0.4067786931991577,2.2109954357147217,-2.066848993301392,0.999244712525417,0.012590891817763785,-0.012457536108276795,0.034587334782274104
0.7836968898773193,-0.4067786931991577,2.2109954357147217,-2.066848993301392,0.999244712525417,0.012590891817763785,-0.012457536108276795,0.034587334782274104
0.8004388809204102,-0.40349718928337097,2.2237639427185054,-2.0657908916473398,0.9991782322507543,0.018763299782927022,-0.011727818174168703,0.03395963866691076
0.8171215057373047,-0.40349718928337097,2.2237639427185054,-2.0657908916473398,0.9991782322507543,0.018763299782927022,-0.011727818174168703,0.03395963866691076
0.833794116973877,-0.40321674942970276,2.235875844955444,-2.0677824020385747,0.9990571573425292,0.023451196428568064,-0.012601937618496796,0.03429327801469417
0.8503828048706055,-0.40321674942970276,2.235875844955444,-2.0677824020385747,0.9990571573425292,0.023451196428568064,-0.012601937618496796,0.03429327801469417
0.8669631481170654,-0.40066853165626526,2.2490389347076416,-2.0712423324584965,0.9991006078654182,0.022909508580647865,-0.011419695508501585,0.03380414669886045
0.8837378025054932,-0.40066853165626526,2.2490389347076416,-2.0712423324584965,0.9991006078654182,0.022909508580647865,-0.011419695508501585,0.03380414669886045
0.9003159999847412,-0.3980664014816284,2.2609853744506836,-2.072904109954834,0.999087085780757,0.021263823898288226,-0.01226712818916264,0.03496229948569435
0.9170932769775391,-0.3980664014816284,2.2609853744506836,-2.072904109954834,0.999087085780757,0.021263823898288226,-0.01226712818916264,0.03496229948569435
0.9336822032928467,-0.39591097831726074,2.2702486515045157,-2.073565006256104,0.9991498829245651,0.018372269328818063,-0.013911688136947842,0.034182394660373094
0.9503514766693115,-0.39591097831726074,2.2702486515045157,-2.073565006256104,0.9991498829245651,0.018372269328818063,-0.013911688136947842,0.034182394660373094
0.9671144485473633,-0.39402270317077637,2.279377937316894,-2.073460817337036,0.9991588265703355,0.019498762934129603,-0.011428709414109436,0.03421727826342602
0.9840397834777832,-0.39402270317077637,2.279377937316894,-2.073460817337036,0.9991588265703355,0.019498762934129603,-0.011428709414109436,0.03421727826342602
1.0006518363952637,-0.39230626821517944,2.286519527435302,-2.073834657669068,0.9989859831108217,0.021382331495793456,-0.011509851620130088,0.03791206620050741
1.0174016952514648,-0.39230626821517944,2.286519527435302,-2.073834657669068,0.9989859831108217,0.021382331495793456,-0.011509851620130088,0.03791206620050741
1.0336813926696777,-0.38974547386169434,2.294273614883423,-2.0735366344451904,0.9989061376989078,0.020701708775312747,-0.011497827466388208,0.040320804614811634
1.0506634712219238,-0.38974547386169434,2.294273614883423,-2.0735366344451904,0.9989061376989078,0.020701708775312747,-0.011497827466388208,0.040320804614811634
1.0670886039733887,-0.38829246163368225,2.298244953155517,-2.0736517906188965,0.9989866120930238,0.01981375768460713,-0.01182566573046966,0.038643466399240045
1.0837242603302002,-0.38829246163368225,2.298244953155517,-2.0736517906188965,0.9989866120930238,0.01981375768460713,-0.01182566573046966,0.038643466399240045
1.1001522541046143,-0.3868643641471863,2.300779342651367,-2.0741257667541504,0.9989214508212955,0.018930343200125283,-0.013351730585857953,0.04024063227344177
1.1167559623718262,-0.3868643641471863,2.300779342651367,-2.0741257667541504,0.9989214508212955,0.018930343200125283,-0.013351730585857953,0.04024063227344177
1.1335372924804688,-0.3853476047515869,2.3032932281494136,-2.0757386684417725,0.9988910421253561,0.017629342550488952,-0.013069964253010572,0.041654150782156174
1.150360107421875,-0.3853476047515869,2.3032932281494136,-2.0757386684417725,0.9988910421253561,0.017629342550488952,-0.013069964253010572,0.041654150782156174
1.166996717453003,-0.3837871253490448,2.306020498275757,-2.0739378929138184,0.9988753143837708,0.019529597388417714,-0.01390793520991565,0.04090562893742594
1.1836943626403809,-0.3837871253490448,2.306020498275757,-2.0739378929138184,0.9988753143837708,0.019529597388417714,-0.01390793520991565,0.04090562893742594
1.2003445625305176,-0.3860129117965698,2.3093137741088867,-2.071408748626709,0.998756227315853,0.024253420864530275,-0.013066811655845889,0.04155753129485551
1.217055082321167,-0.3860129117965698,2.3093137741088867,-2.071408748626709,0.998756227315853,0.024253420864530275,-0.013066811655845889,0.04155753129485551
1.2337968349456787,-0.38664504885673523,2.309311866760254,-2.0713181495666504,0.998769182692165,0.02648289156275805,-0.011072583606754071,0.040449648344225264
1.2503929138183594,-0.38664504885673523,2.309311866760254,-2.0713181495666504,0.998769182692165,0.02648289156275805,-0.011072583606754071,0.040449648344225264
1.2669720649719238,-0.38588812947273254,2.3107450008392334,-2.074254989624024,0.9987786826216238,0.02582045879804634,-0.012105607518585,0.04034725907267972
1.2836997509002686,-0.38588812947273254,2.3107450008392334,-2.074254989624024,0.9987786826216238,0.02582045879804634,-0.012105607518585,0.04034725907267972
1.30033540725708,-0.38672101497650146,2.312507390975952,-2.0750725269317627,0.9988169233396629,0.025365026513362636,-0.012353055390947254,0.0396077151925564
1.3171377182006836,-0.38672101497650146,2.312507390975952,-2.0750725269317627,0.9988169233396629,0.025365026513362636,-0.012353055390947254,0.0396077151925564
1.333803415298462,-0.3866938352584839,2.313266277313232,-2.0755670070648193,0.9988390941947499,0.025790542915522633,-0.012105536874758302,0.03884286010720356
1.3505477905273438,-0.3866938352584839,2.313266277313232,-2.0755670070648193,0.9988390941947499,0.025790542915522633,-0.012105536874758302,0.03884286010720356
1.3671224117279053,-0.38679859042167664,2.307540416717529,-2.070951223373413,0.998839625264657,0.027567080683354107,-0.012912048777445806,0.03731940594551425
1.3839242458343506,-0.38679859042167664,2.307540416717529,-2.070951223373413,0.998839625264657,0.027567080683354107,-0.012912048777445806,0.03731940594551425
1.4004547595977783,-0.3874393701553345,2.3076856136322017,-2.071096181869507,0.9987804516357242,0.030198919592164003,-0.012453294733299914,0.037020941858500134
1.4171664714813232,-0.3874393701553345,2.3076856136322017,-2.071096181869507,0.9987804516357242,0.030198919592164003,-0.012453294733299914,0.037020941858500134
1.4338533878326416,-0.3879473805427551,2.3085172176361084,-2.0731248855590825,0.9986870530075063,0.03350715810092304,-0.012397022197035852,0.03671177402180226
1.4504938125610352,-0.3879473805427551,2.3085172176361084,-2.0731248855590825,0.9986870530075063,0.03350715810092304,-0.012397022197035852,0.03671177402180226
1.467017650604248,-0.3883107304573059,2.308862209320068,-2.0733866691589355,0.9985879659225648,0.03587978619876401,-0.012630298890417764,0.037083565185999534
1.4836986064910889,-0.3883107304573059,2.308862209320068,-2.0733866691589355,0.9985879659225648,0.03587978619876401,-0.012630298890417764,0.037083565185999534
1.5004560947418213,-0.38713136315345764,2.31011962890625,-2.073941707611084,0.998534876649681,0.036823831960309646,-0.012848364829927135,0.0375103323787232
1.5169060230255127,-0.38713136315345764,2.31011962890625,-2.073941707611084,0.998534876649681,0.036823831960309646,-0.012848364829927135,0.0375103323787232
1.5335633754730225,-0.3866947889328003,2.3091096878051753,-2.073805093765259,0.998476229832977,0.03892462331207377,-0.013196497200742436,0.03682315331647101
1.5502691268920898,-0.3866947889328003,2.3091096878051753,-2.073805093765259,0.998476229832977,0.03892462331207377,-0.013196497200742436,0.03682315331647101
1.5669341087341309,-0.38636404275894165,2.3088195323944083,-2.074105501174927,0.9983313662064535,0.0426534767494909,-0.013293202408411742,0.036584900427167444
1.5835456848144531,-0.38636404275894165,2.3088195323944083,-2.074105501174927,0.9983313662064535,0.0426534767494909,-0.013293202408411742,0.036584900427167444
1.6003873348236084,-0.3856686055660248,2.3079261779785156,-2.0744240283966064,0.9980340641739496,0.049530131051899184,-0.013448794074921968,0.03597086048929854
1.6170713901519775,-0.3856686055660248,2.3079261779785156,-2.0744240283966064,0.9980340641739496,0.049530131051899184,-0.013448794074921968,0.03597086048929854
1.6340570449829102,-0.38447806239128113,2.303918361663818,-2.072080373764039,0.9975601406283194,0.05897961335630983,-0.013942545883854483,0.03465222146160957
1.6504449844360352,-0.38447806239128113,2.303918361663818,-2.072080373764039,0.9975601406283194,0.05897961335630983,-0.013942545883854483,0.03465222146160957
1.6671454906463623,-0.38314807415008545,2.3014650344848633,-2.0718541145324707,0.9967426559941801,0.07154458176484424,-0.014519310394861065,0.03427302390246112
1.6838176250457764,-0.38314807415008545,2.3014650344848633,-2.0718541145324707,0.9967426559941801,0.07154458176484424,-0.014519310394861065,0.03427302390246112
1.7004494667053223,-0.381345272064209,2.299639463424682,-2.0716171264648438,0.995723029455186,0.08361918617737818,-0.016499098486959046,0.03565473411396386
1.7171239852905273,-0.381345272064209,2.299639463424682,-2.0716171264648438,0.995723029455186,0.08361918617737818,-0.016499098486959046,0.03565473411396386
1.7338595390319824,-0.37874552607536316,2.2961547374725337,-2.0694730281829834,0.9944418275332612,0.09669377304451163,-0.018501514241210007,0.03732907549761
1.7504568099975586,-0.37874552607536316,2.2961547374725337,-2.0694730281829834,0.9944418275332612,0.09669377304451163,-0.018501514241210007,0.03732907549761
1.7673280239105225,-0.37598317861557007,2.2921450138092037,-2.066483974456787,0.9928879614335441,0.10976830717460197,-0.020320267637227794,0.04137029735830916
1.783860683441162,-0.37598317861557007,2.2921450138092037,-2.066483974456787,0.9928879614335441,0.10976830717460197,-0.020320267637227794,0.04137029735830916
1.800508975982666,-0.3720371425151825,2.287608385086059,-2.063823938369751,0.9911018485997195,0.12303759602443416,-0.021795267251331914,0.04586765736540099
1.817267656326294,-0.3720371425151825,2.287608385086059,-2.063823938369751,0.9911018485997195,0.12303759602443416,-0.021795267251331914,0.04586765736540099
1.8337152004241943,-0.36864084005355835,2.2836451530456543,-2.0600314140319824,0.98864490227069,0.13992060499522113,-0.02509459173387049,0.04872107324001862
1.8506546020507812,-0.36864084005355835,2.2836451530456543,-2.0600314140319824,0.98864490227069,0.13992060499522113,-0.02509459173387049,0.04872107324001862
1.8669729232788086,-0.36429089307785034,2.278212547302246,-2.055556058883667,0.985728485321405,0.15843876109046318,-0.025775564568572926,0.05071619545331646
1.88364577293396,-0.36429089307785034,2.278212547302246,-2.055556058883667,0.985728485321405,0.15843876109046318,-0.025775564568572926,0.05071619545331646
1.9002821445465088,-0.3588222563266754,2.2725505828857413,-2.0507092475891118,0.9820490873167342,0.17960587712047832,-0.025360061745239013,0.05175119585507909
1.9170491695404053,-0.3588222563266754,2.2725505828857413,-2.0507092475891118,0.9820490873167342,0.17960587712047832,-0.025360061745239013,0.05175119585507909
1.9336175918579102,-0.35275256633758545,2.2666027545928955,-2.045867681503296,0.9772534520828045,0.2040346694525545,-0.026768941936005403,0.05127346098378199
1.950448751449585,-0.35275256633758545,2.2666027545928955,-2.045867681503296,0.9772534520828045,0.2040346694525545,-0.026768941936005403,0.05127346098378199
1.9669945240020752,-0.346140056848526,2.260697603225708,-2.0409505367279053,0.9714539074102605,0.2302900952495971,-0.02614088006900933,0.050600713398986696
1.9840888977050781,-0.346140056848526,2.260697603225708,-2.0409505367279053,0.9714539074102605,0.2302900952495971,-0.02614088006900933,0.050600713398986696
2.0005009174346924,-0.3367000222206116,2.2525951862335196,-2.0352122783660893,0.964849608764,0.25645737456043527,-0.028752713889836023,0.04968026716407464
2.017343759536743,-0.3367000222206116,2.2525951862335196,-2.0352122783660893,0.964849608764,0.25645737456043527,-0.028752713889836023,0.04968026716407464
2.0338659286499023,-0.32900047302246094,2.2470684051513667,-2.029365777969361,0.9573978411702093,0.28328419370811136,-0.029006492673909062,0.04793811323494318
2.0505146980285645,-0.32900047302246094,2.2470684051513667,-2.029365777969361,0.9573978411702093,0.28328419370811136,-0.029006492673909062,0.04793811323494318
2.0670418739318848,-0.3194117844104767,2.241507530212402,-2.0238590240478516,0.9488566922425926,0.31052465855463973,-0.03219272812488122,0.047000449698355984
2.0837559700012207,-0.3194117844104767,2.241507530212402,-2.0238590240478516,0.9488566922425926,0.31052465855463973,-0.03219272812488122,0.047000449698355984
2.1003658771514893,-0.31011828780174255,2.236719846725464,-2.0185716152191167,0.9405285667081072,0.33475035232307315,-0.03380915164452239,0.0469591108375092
2.1170895099639893,-0.31011828780174255,2.236719846725464,-2.0185716152191167,0.9405285667081072,0.33475035232307315,-0.03380915164452239,0.0469591108375092
2.1337201595306396,-0.29996615648269653,2.23199462890625,-2.013460397720337,0.9321258637257988,0.35722187168495395,-0.035956574489249715,0.04733955338119428
2.150458574295044,-0.29996615648269653,2.23199462890625,-2.013460397720337,0.9321258637257988,0.35722187168495395,-0.035956574489249715,0.04733955338119428
2.1670634746551514,-0.2898440659046173,2.227741241455078,-2.008055686950684,0.9228901449460607,0.38036813881428916,-0.03945021778465807,0.04513911444784885
2.1837821006774902,-0.2898440659046173,2.227741241455078,-2.008055686950684,0.9228901449460607,0.38036813881428916,-0.03945021778465807,0.04513911444784885
2.200385093688965,-0.27946189045906067,2.2237865924835205,-2.0029218196868896,0.9126009648057034,0.4044193896686413,-0.04120744426943096,0.04366214415857944
2.2171270847320557,-0.27946189045906067,2.2237865924835205,-2.0029218196868896,0.9126009648057034,0.4044193896686413,-0.04120744426943096,0.04366214415857944
2.234166383743286,-0.26885923743247986,2.2190403938293457,-1.996658205986023,0.9015630989729799,0.4287099434505785,-0.04112572907030451,0.04123635974809736
2.2504172325134277,-0.26885923743247986,2.2190403938293457,-1.996658205986023,0.9015630989729799,0.4287099434505785,-0.04112572907030451,0.04123635974809736
2.2677106857299805,-0.25822222232818604,2.215371131896972,-1.9915149211883547,0.8896122335102232,0.4533544238216548,-0.04100717490956565,0.037124816447006215
2.2837798595428467,-0.25822222232818604,2.215371131896972,-1.9915149211883547,0.8896122335102232,0.4533544238216548,-0.04100717490956565,0.037124816447006215
2.300859212875366,-0.24621108174324036,2.211692094802856,-1.9857637882232668,0.8768743625886553,0.47751932295598787,-0.04277561026876567,0.03516952664635992
2.3171234130859375,-0.24621108174324036,2.211692094802856,-1.9857637882232668,0.8768743625886553,0.47751932295598787,-0.04277561026876567,0.03516952664635992
2.3336551189422607,-0.23505760729312897,2.208919525146484,-1.9789870977401736,0.8644464293512817,0.4997923885307849,-0.04257739902719776,0.033572373174851344
2.350323438644409,-0.23505760729312897,2.208919525146484,-1.9789870977401736,0.8644464293512817,0.4997923885307849,-0.04257739902719776,0.033572373174851344
2.366913080215454,-0.22420473396778107,2.2067039012908936,-1.9727108478546147,0.8505547041004109,0.5231948551453909,-0.04257123030216417,0.03180454735750604
2.383622169494629,-0.22420473396778107,2.2067039012908936,-1.9727108478546147,0.8505547041004109,0.5231948551453909,-0.04257123030216417,0.03180454735750604
2.400251626968384,-0.21330177783966064,2.205032348632812,-1.966506361961365,0.8353591254127191,0.5472339308660173,-0.04355093394935544,0.028521441947466974
2.4170162677764893,-0.21330177783966064,2.205032348632812,-1.966506361961365,0.8353591254127191,0.5472339308660173,-0.04355093394935544,0.028521441947466974
2.4335944652557373,-0.20198871195316315,2.20485782623291,-1.9609801769256598,0.8193559788970918,0.5707609952963005,-0.04670472602314679,0.026576957332767104
2.4502899646759033,-0.20198871195316315,2.20485782623291,-1.9609801769256598,0.8193559788970918,0.5707609952963005,-0.04670472602314679,0.026576957332767104
2.466900587081909,-0.18821857869625092,2.2041962146759033,-1.9537459611892702,0.8023085991490874,0.5941818555168134,-0.05139919970711493,0.02463648870058477
2.48363995552063,-0.18821857869625092,2.2041962146759033,-1.9537459611892702,0.8023085991490874,0.5941818555168134,-0.05139919970711493,0.02463648870058477
2.500178098678589,-0.17662136256694794,2.204753875732422,-1.9486051797866821,0.7848743662868483,0.6166529831111605,-0.05695315430606096,0.02162558162258471
2.516916275024414,-0.17662136256694794,2.204753875732422,-1.9486051797866821,0.7848743662868483,0.6166529831111605,-0.05695315430606096,0.02162558162258471
2.5335819721221924,-0.16571728885173798,2.2054758071899414,-1.9432020187377934,0.7679046146035251,0.6372200676465265,-0.06237924662082994,0.019542718597615638
2.550320625305176,-0.16571728885173798,2.2054758071899414,-1.9432020187377934,0.7679046146035251,0.6372200676465265,-0.06237924662082994,0.019542718597615638
2.5669116973876953,-0.15296538174152374,2.206742525100708,-1.9424146413803103,0.7523649718063886,0.6549164529824295,-0.06863011289037413,0.01792474313176251
2.583829164505005,-0.15296538174152374,2.206742525100708,-1.9424146413803103,0.7523649718063886,0.6549164529824295,-0.06863011289037413,0.01792474313176251
2.6006081104278564,-0.14237284660339355,2.2079334259033203,-1.9388456344604499,0.7363292148322345,0.6724524836827834,-0.07387830927572436,0.012997691793605382
2.6171634197235107,-0.14237284660339355,2.2079334259033203,-1.9388456344604499,0.7363292148322345,0.6724524836827834,-0.07387830927572436,0.012997691793605382
2.633692502975464,-0.1322682648897171,2.2096076011657715,-1.9354577064514162,0.7202414881450276,0.6890851246806988,-0.07928380001222551,0.0113123275254427
2.6503896713256836,-0.1322682648897171,2.2096076011657715,-1.9354577064514162,0.7202414881450276,0.6890851246806988,-0.07928380001222551,0.0113123275254427
2.6670496463775635,-0.1227596178650856,2.211304426193237,-1.9322769641876227,0.7057137701060099,0.7035761089284325,-0.08308648682988351,0.006735676221119091
2.6836917400360107,-0.1227596178650856,2.211304426193237,-1.9322769641876227,0.7057137701060099,0.7035761089284325,-0.08308648682988351,0.006735676221119091
2.7003307342529297,-0.11379878222942352,2.2132551670074463,-1.9294483661651618,-0.6895618698386602,-0.7187854451490545,0.08858998799206436,-0.0019301642552318476
2.7170724868774414,-0.11379878222942352,2.2132551670074463,-1.9294483661651618,-0.6895618698386602,-0.7187854451490545,0.08858998799206436,-0.0019301642552318476
2.7336437702178955,-0.10042578727006912,2.2133612632751465,-1.9182730913162234,-0.6729668026076802,-0.7334013433180417,0.09601851817335005,0.004312351456184138
2.750455141067505,-0.10042578727006912,2.2133612632751465,-1.9182730913162234,-0.6729668026076802,-0.7334013433180417,0.09601851817335005,0.004312351456184138
2.767186403274536,-0.09163477271795273,2.2155549526214595,-1.9147776365280154,-0.6594589952374741,-0.7447391997868771,0.10203403734675537,0.008149424759096413
2.783860683441162,-0.09163477271795273,2.2155549526214595,-1.9147776365280154,-0.6594589952374741,-0.7447391997868771,0.10203403734675537,0.008149424759096413
2.8002779483795166,-0.08262355625629425,2.218134641647339,-1.913587331771851,-0.6467233735713207,-0.754683282256583,0.10992846049692001,0.010851503662519857
2.8170385360717773,-0.08262355625629425,2.218134641647339,-1.913587331771851,-0.6467233735713207,-0.754683282256583,0.10992846049692001,0.010851503662519857
2.8336586952209473,-0.07422703504562378,2.220769882202148,-1.9116585254669192,-0.6344896951022594,-0.7641876261467769,0.11494269021902859,0.01510883246344319
2.8504018783569336,-0.07422703504562378,2.220769882202148,-1.9116585254669192,-0.6344896951022594,-0.7641876261467769,0.11494269021902859,0.01510883246344319
2.8669273853302,-0.06611122936010361,2.221826553344726,-1.9084858894348147,-0.6228959790311688,-0.7730643184967212,0.11806930573280405,0.020779745373208258
2.883695363998413,-0.06611122936010361,2.221826553344726,-1.9084858894348147,-0.6228959790311688,-0.7730643184967212,0.11806930573280405,0.020779745373208258
2.9002578258514404,-0.05974891781806946,2.224198579788208,-1.9094016551971438,-0.6138174729667532,-0.7797440618489802,0.12045521229548639,0.026792717719791914
2.9170851707458496,-0.05974891781806946,2.224198579788208,-1.9094016551971438,-0.6138174729667532,-0.7797440618489802,0.12045521229548639,0.026792717719791914
2.933701992034912,-0.05391045659780502,2.226280927658081,-1.9077773094177253,-0.6063658566996444,-0.7848967044362231,0.12414963362196374,0.02905993230540732
2.950374126434326,-0.05391045659780502,2.226280927658081,-1.9077773094177253,-0.6063658566996444,-0.7848967044362231,0.12414963362196374,0.02905993230540732
2.9670140743255615,-0.049323976039886475,2.226799726486206,-1.9062937498092658,-0.6004409960695258,-0.7886776794065984,0.12823713433840744,0.03183340417756092
2.9837827682495117,-0.049323976039886475,2.226799726486206,-1.9062937498092658,-0.6004409960695258,-0.7886776794065984,0.12823713433840744,0.03183340417756092
3.000288486480713,-0.04567825794219971,2.227502822875976,-1.9056910276412966,-0.5955591306581912,-0.7916256403970761,0.13213591067735642,0.03432591535624763
3.0170278549194336,-0.04567825794219971,2.227502822875976,-1.9056910276412966,-0.5955591306581912,-0.7916256403970761,0.13213591067735642,0.03432591535624763
3.033735513687134,-0.04304974898695946,2.2279040813446045,-1.9048733711242678,-0.5929151970494597,-0.7933448865701989,0.13326166084164903,0.03601096791873204
3.050396680831909,-0.04304974898695946,2.2279040813446045,-1.9048733711242678,-0.5929151970494597,-0.7933448865701989,0.13326166084164903,0.03601096791873204
3.0669243335723877,-0.04104858264327049,2.2297751903533936,-1.9065036773681643,-0.5910730256539283,-0.7945379192211286,0.133687897866948,0.03833691729894634
3.0837321281433105,-0.04104858264327049,2.2297751903533936,-1.9065036773681643,-0.5910730256539283,-0.7945379192211286,0.133687897866948,0.03833691729894634
3.1002206802368164,-0.03955087065696716,2.231441974639892,-1.9054439067840578,-0.5888576312159192,-0.7959583270687468,0.1349211484476871,0.03864343967940309
3.116956949234009,-0.03955087065696716,2.231441974639892,-1.9054439067840578,-0.5888576312159192,-0.7959583270687468,0.1349211484476871,0.03864343967940309
3.133650779724121,-0.038672659546136856,2.2302973270416255,-1.9051675796508791,-0.5871145259028973,-0.7970402975014041,0.13586807767661402,0.039536857502221634
3.150383949279785,-0.038672659546136856,2.2302973270416255,-1.9051675796508791,-0.5871145259028973,-0.7970402975014041,0.13586807767661402,0.039536857502221634
3.166961669921875,-0.03676852583885193,2.232283115386962,-1.9041465520858767,-0.5849376162864286,-0.7981102836920784,0.1384928176970524,0.04108162076199029
3.1836090087890625,-0.03676852583885193,2.232283115386962,-1.9041465520858767,-0.5849376162864286,-0.7981102836920784,0.1384928176970524,0.04108162076199029
3.2002665996551514,-0.037148792296648026,2.2312939167022705,-1.9028414487838752,-0.5833817784326462,-0.7989640132097591,0.13952865234931866,0.043057651609228365
3.2169265747070312,-0.037148792296648026,2.2312939167022705,-1.9028414487838752,-0.5833817784326462,-0.7989640132097591,0.13952865234931866,0.043057651609228365
3.233644485473633,-0.036706846207380295,2.231953144073486,-1.9025491476058962,-0.5813890619953203,-0.7999220282875674,0.14165502103905497,0.04522568149769368
3.250335693359375,-0.036706846207380295,2.231953144073486,-1.9025491476058962,-0.5813890619953203,-0.7999220282875674,0.14165502103905497,0.04522568149769368
3.2669575214385986,-0.03639141470193863,2.232584476470947,-1.902211904525757,-0.578448979954936,-0.801376289925513,0.14474488781266315,0.047346984977014506
3.2836837768554688,-0.03639141470193863,2.232584476470947,-1.902211904525757,-0.578448979954936,-0.801376289925513,0.14474488781266315,0.047346984977014506
3.3002865314483643,-0.03411464765667915,2.235090970993042,-1.9034248590469363,-0.576185374285284,-0.8020674167061532,0.14855831726059965,0.051270848352101384
3.3170268535614014,-0.03411464765667915,2.235090970993042,-1.9034248590469363,-0.576185374285284,-0.8020674167061532,0.14855831726059965,0.051270848352101384
3.333665609359741,-0.033326104283332825,2.235939264297485,-1.9030804634094238,-0.5723652657171545,-0.8037345230094511,0.15282660141106097,0.055252592920566446
3.35033917427063,-0.033326104283332825,2.235939264297485,-1.9030804634094238,-0.5723652657171545,-0.8037345230094511,0.15282660141106097,0.055252592920566446
3.366976737976074,-0.032013848423957825,2.2368328571319576,-1.9034119844436648,-0.5686294214194951,-0.8049830207758742,0.15829860875494317,0.06003722032979403
3.383749008178711,-0.032013848423957825,2.2368328571319576,-1.9034119844436648,-0.5686294214194951,-0.8049830207758742,0.15829860875494317,0.06003722032979403
3.400299549102783,-0.029570886865258217,2.238086700439453,-1.9026702642440798,-0.5645856903071744,-0.80604546301506,0.1650912270960483,0.06541098217524144
3.4170308113098145,-0.029570886865258217,2.238086700439453,-1.9026702642440798,-0.5645856903071744,-0.80604546301506,0.1650912270960483,0.06541098217524144
3.4336583614349365,-0.027546783909201622,2.2380416393280025,-1.902129054069519,-0.5614632482026185,-0.8063811267321768,0.17159888817954938,0.07114998906150632
3.450460433959961,-0.027546783909201622,2.2380416393280025,-1.902129054069519,-0.5614632482026185,-0.8063811267321768,0.17159888817954938,0.07114998906150632
3.466935396194458,-0.025404175743460655,2.237826824188232,-1.9006938934326174,-0.5577839763440797,-0.8067555367029714,0.17917000726637977,0.07694574860934902
3.4838080406188965,-0.025404175743460655,2.237826824188232,-1.9006938934326174,-0.5577839763440797,-0.8067555367029714,0.17917000726637977,0.07694574860934902
3.5002498626708984,-0.023224562406539917,2.2380940914154053,-1.899593353271485,-0.5545800919398404,-0.8064503707096637,0.1882005590792714,0.08160435508288735
3.517030715942383,-0.023224562406539917,2.2380940914154053,-1.899593353271485,-0.5545800919398404,-0.8064503707096637,0.1882005590792714,0.08160435508288735
3.533592939376831,-0.020840167999267578,2.23852276802063,-1.8985450267791755,-0.5514130445968879,-0.8057977048875828,0.1978093315980538,0.0866324499193327
3.5503733158111572,-0.020840167999267578,2.23852276802063,-1.8985450267791755,-0.5514130445968879,-0.8057977048875828,0.1978093315980538,0.0866324499193327
3.5670557022094727,-0.017244776710867882,2.2389888763427734,-1.8982977867126472,-0.5465711179718309,-0.8055574934996892,0.20881752500185735,0.09344719855415531
3.5837042331695557,-0.017244776710867882,2.2389888763427734,-1.8982977867126472,-0.5465711179718309,-0.8055574934996892,0.20881752500185735,0.09344719855415531
3.6002326011657715,-0.01486002653837204,2.2392702102661133,-1.8971662521362311,-0.5417999713554309,-0.8052901272076125,0.21924755939917973,0.0994540585330961
3.6169960498809814,-0.01486002653837204,2.2392702102661133,-1.8971662521362311,-0.5417999713554309,-0.8052901272076125,0.21924755939917973,0.0994540585330961
3.633610963821411,-0.012534031644463539,2.2403771877288814,-1.8968493938446047,-0.5385603083797166,-0.8042582486291285,0.2286899811206483,0.10403055457407118
3.650355339050293,-0.012534031644463539,2.2403771877288814,-1.8968493938446047,-0.5385603083797166,-0.8042582486291285,0.2286899811206483,0.10403055457407118
3.6669416427612305,-0.010483800433576107,2.240941047668457,-1.8953818082809455,-0.5343069452383459,-0.8036086297846731,0.23789053373209507,0.11016965265592207
3.6836891174316406,-0.010483800433576107,2.240941047668457,-1.8953818082809455,-0.5343069452383459,-0.8036086297846731,0.23789053373209507,0.11016965265592207
3.7002758979797363,-0.008656118996441364,2.241229772567749,-1.893343806266785,-0.5299440601268047,-0.8032428232536626,0.24548173666721917,0.11704262894624645
3.717386484146118,-0.008656118996441364,2.241229772567749,-1.893343806266785,-0.5299440601268047,-0.8032428232536626,0.24548173666721917,0.11704262894624645
3.7340729236602783,-0.006354959681630135,2.24042272567749,-1.8919951915740967,-0.524727059819715,-0.8035908007106287,0.2520802779241468,0.12393091296320147
3.7506895065307617,-0.006354959681630135,2.24042272567749,-1.8919951915740967,-0.524727059819715,-0.8035908007106287,0.2520802779241468,0.12393091296320147
3.7673707008361816,-0.004745337180793285,2.2413609027862544,-1.8901826143264773,-0.520128131054601,-0.803092386814863,0.2595940032063363,0.1308445605478608
3.7837700843811035,-0.004745337180793285,2.2413609027862544,-1.8901826143264773,-0.520128131054601,-0.803092386814863,0.2595940032063363,0.1308445605478608
3.8003978729248047,-0.0032019868958741426,2.242104291915893,-1.8879097700119019,-0.5145441715754788,-0.8027249413781293,0.2682097539175853,0.13762445963799957
3.8170077800750732,-0.0032019868958741426,2.242104291915893,-1.8879097700119019,-0.5145441715754788,-0.8027249413781293,0.2682097539175853,0.13762445963799957
3.8335554599761963,-0.0010948620038107038,2.242612361907959,-1.885580062866211,-0.5092243890233286,-0.8020814909329104,0.2779998424485092,0.1416753017475569
3.850640058517456,-0.0010948620038107038,2.242612361907959,-1.885580062866211,-0.5092243890233286,-0.8020814909329104,0.2779998424485092,0.1416753017475569
3.867511510848999,0.0005406328709796071,2.2436201572418213,-1.8838702440261847,-0.5037205986137608,-0.800636061952527,0.2893577410276057,0.14669544144500413
3.8840324878692627,0.0005406328709796071,2.2436201572418213,-1.8838702440261847,-0.5037205986137608,-0.800636061952527,0.2893577410276057,0.14669544144500413
3.9006712436676025,0.0019096762407571077,2.2447459697723384,-1.8819242715835578,-0.49656552526473763,-0.7991210122591557,0.30243247299155673,0.1528492269024247
3.917093515396118,0.0019096762407571077,2.2447459697723384,-1.8819242715835578,-0.49656552526473763,-0.7991210122591557,0.30243247299155673,0.1528492269024247
3.9336740970611572,0.002873204881325364,2.246026754379272,-1.8804202079772951,-0.4899424232182606,-0.7972537688660625,0.3140911436534622,0.16027976615386644
3.9503676891326904,0.002873204881325364,2.246026754379272,-1.8804202079772951,-0.4899424232182606,-0.7972537688660625,0.3140911436534622,0.16027976615386644
3.9669852256774902,0.004822487011551857,2.2471678256988525,-1.8796331882476813,-0.4849556204562726,-0.7950799280414333,0.32396627808499956,0.16646863030989842
3.9837281703948975,0.004822487011551857,2.2471678256988525,-1.8796331882476813,-0.4849556204562726,-0.7950799280414333,0.32396627808499956,0.16646863030989842
4.000300168991089,0.0062656160444021225,2.248070478439331,-1.8778580427169806,-0.4798587603360862,-0.7930314795528739,0.3332849957958861,0.17250435978325468
4.017059326171875,0.0062656160444021225,2.248070478439331,-1.8778580427169806,-0.4798587603360862,-0.7930314795528739,0.3332849957958861,0.17250435978325468
4.033665418624878,0.007031412795186043,2.248893499374389,-1.8774662017822268,-0.47446537785003984,-0.7916020763938338,0.3422345733285612,0.17642067534506095
4.050387859344482,0.007031412795186043,2.248893499374389,-1.8774662017822268,-0.47446537785003984,-0.7916020763938338,0.3422345733285612,0.17642067534506095
4.067014932632446,0.010140961036086082,2.250432968139648,-1.8762606382369995,-0.4701768644563887,-0.7881863416324603,0.3524860664031919,0.18289226332899375
4.0837109088897705,0.010140961036086082,2.250432968139648,-1.8762606382369995,-0.4701768644563887,-0.7881863416324603,0.3524860664031919,0.18289226332899375
4.1002490520477295,0.011740903370082378,2.2506599426269527,-1.8761320114135744,-0.46576953921592107,-0.785044378179087,0.3629645043187403,0.18713852952465546
4.116912364959717,0.011740903370082378,2.2506599426269527,-1.8761320114135744,-0.46576953921592107,-0.785044378179087,0.3629645043187403,0.18713852952465546
4.133675575256348,0.01290369126945734,2.2517137527465816,-1.8761668205261233,-0.46092415682220694,-0.7824898437545081,0.37111539891495915,0.19373158432990167
4.150393009185791,0.01290369126945734,2.2517137527465816,-1.8761668205261233,-0.46092415682220694,-0.7824898437545081,0.37111539891495915,0.19373158432990167
4.166922569274902,0.014077052474021912,2.252647161483764,-1.8746982812881472,-0.4548645178284063,-0.7809120964412378,0.3792881296000181,0.1985323217942156
4.18375825881958,0.014077052474021912,2.252647161483764,-1.8746982812881472,-0.4548645178284063,-0.7809120964412378,0.3792881296000181,0.1985323217942156
4.200397729873657,0.015783904120326042,2.2538206577301025,-1.8745378255844116,-0.4502326141889168,-0.7789989306490772,0.3862609213886505,0.2031102158341594
4.217089891433716,0.015783904120326042,2.2538206577301025,-1.8745378255844116,-0.4502326141889168,-0.7789989306490772,0.3862609213886505,0.2031102158341594
4.2336883544921875,0.016778789460659027,2.2557778358459473,-1.8746292591094977,-0.444591676428992,-0.7775751841363427,0.3937377083103737,0.20660515801858947
4.250438928604126,0.016778789460659027,2.2557778358459473,-1.8746292591094977,-0.444591676428992,-0.7775751841363427,0.3937377083103737,0.20660515801858947
4.267014503479004,0.018463078886270523,2.2568542957305904,-1.8748255968093874,-0.4412339297529341,-0.774694612298743,0.4008658026737939,0.21087314944482138
4.283809185028076,0.018463078886270523,2.2568542957305904,-1.8748255968093874,-0.4412339297529341,-0.774694612298743,0.4008658026737939,0.21087314944482138
4.300372123718262,0.020052259787917137,2.2579188346862793,-1.874326229095459,-0.4373628248571176,-0.7716654308301294,0.4092691309971812,0.21388080958226574
4.317096471786499,0.020052259787917137,2.2579188346862793,-1.874326229095459,-0.4373628248571176,-0.7716654308301294,0.4092691309971812,0.21388080958226574
4.333683013916016,0.021686196327209473,2.2592258453369136,-1.8737424612045288,-0.43281158412816645,-0.7689012311877302,0.418064198640955,0.21607256914554368
4.350389003753662,0.021686196327209473,2.2592258453369136,-1.8737424612045288,-0.43281158412816645,-0.7689012311877302,0.418064198640955,0.21607256914554368
4.366989612579346,0.022896692156791687,2.25920295715332,-1.87305223941803,-0.4289058560280088,-0.766010129424886,0.4259738721109682,0.2186652888826645
4.383759498596191,0.022896692156791687,2.25920295715332,-1.87305223941803,-0.4289058560280088,-0.766010129424886,0.4259738721109682,0.2186652888826645
4.400397062301636,0.02415989525616169,2.259744167327881,-1.872594475746155,-0.423943746027302,-0.7631824981596883,0.4337051824412279,0.2229887652566766
4.417034864425659,0.02415989525616169,2.259744167327881,-1.872594475746155,-0.423943746027302,-0.7631824981596883,0.4337051824412279,0.2229887652566766
4.433758735656738,0.02533627860248089,2.2605397701263423,-1.872381329536438,-0.4193587187800675,-0.7602746894947042,0.4408298106779403,0.22757359142598796
4.450429201126099,0.02533627860248089,2.2605397701263423,-1.872381329536438,-0.4193587187800675,-0.7602746894947042,0.4408298106779403,0.22757359142598796
4.467085123062134,0.027006424963474274,2.2611544132232666,-1.871875882148743,-0.41550082458975246,-0.7574258203907833,0.4475670911106927,0.23097378709563
4.483748435974121,0.027006424963474274,2.2611544132232666,-1.871875882148743,-0.41550082458975246,-0.7574258203907833,0.4475670911106927,0.23097378709563
4.500293016433716,0.02834346704185009,2.2615160942077632,-1.8718011379241946,-0.4124759229448815,-0.7542074430678274,0.4545278178126119,0.23332211349626375
4.517049312591553,0.02834346704185009,2.2615160942077632,-1.8718011379241946,-0.4124759229448815,-0.7542074430678274,0.4545278178126119,0.23332211349626375
4.533780813217163,0.02967461384832859,2.2620317935943595,-1.8710687160491946,-0.40981873100659094,-0.751102503317552,0.46153838829124827,0.23425617037715568
4.550371885299683,0.02967461384832859,2.2620317935943595,-1.8710687160491946,-0.40981873100659094,-0.751102503317552,0.46153838829124827,0.23425617037715568
4.566906452178955,0.03127768635749817,2.262737512588501,-1.8704423904418948,-0.40760129805362816,-0.7482872812525756,0.46759692288196975,0.2351179368996319
4.5837132930755615,0.03127768635749817,2.262737512588501,-1.8704423904418948,-0.40760129805362816,-0.7482872812525756,0.46759692288196975,0.2351179368996319
4.6002843379974365,0.03232654929161072,2.2637743949890132,-1.8695933818817139,-0.4051398346922261,-0.7462885467533281,0.4722527362082811,0.2364158887937796
4.617058753967285,0.03232654929161072,2.2637743949890132,-1.8695933818817139,-0.4051398346922261,-0.7462885467533281,0.4722527362082811,0.2364158887937796
4.633657932281494,0.03287585824728012,2.2642745971679688,-1.869130849838257,-0.40203117936410326,-0.7435412337755778,0.47717250278196655,0.24046572954039408
4.650292873382568,0.03287585824728012,2.2642745971679688,-1.869130849838257,-0.40203117936410326,-0.7435412337755778,0.47717250278196655,0.24046572954039408
4.666965961456299,0.03382321819663048,2.265146017074585,-1.8685476779937746,-0.3969522648640677,-0.7409472765538037,0.48301561883639166,0.24519776660256506
4.6837146282196045,0.03382321819663048,2.265146017074585,-1.8685476779937746,-0.3969522648640677,-0.7409472765538037,0.48301561883639166,0.24519776660256506
4.700275897979736,0.03491901606321335,2.2660148143768306,-1.8680022954940798,-0.39541906560808116,-0.7376890565000269,0.4874525290782896,0.24869388888533484
4.717015743255615,0.03491901606321335,2.2660148143768306,-1.8680022954940798,-0.39541906560808116,-0.7376890565000269,0.4874525290782896,0.24869388888533484
4.733606576919556,0.036230314522981644,2.2666008472442627,-1.8677347898483276,-0.3940332262237264,-0.7346872975025953,0.4924702321874628,0.24989090005296555
4.750377178192139,0.036230314522981644,2.2666008472442627,-1.8677347898483276,-0.3940332262237264,-0.7346872975025953,0.4924702321874628,0.24989090005296555
4.7669618129730225,0.03721476346254349,2.2674291133880615,-1.8677752017974856,-0.3915793481513856,-0.7315137762121161,0.4980731368341316,0.2519451521213187
4.783667802810669,0.03721476346254349,2.2674291133880615,-1.8677752017974856,-0.3915793481513856,-0.7315137762121161,0.4980731368341316,0.2519451521213187
4.800313949584961,0.03834537789225578,2.2682785987854004,-1.8682632446289065,-0.3898123900122426,-0.72836657620247,0.5030688587335695,0.25387035005399583
4.817054748535156,0.03834537789225578,2.2682785987854004,-1.8682632446289065,-0.3898123900122426,-0.72836657620247,0.5030688587335695,0.25387035005399583
4.833700180053711,0.0394982248544693,2.268939256668091,-1.8685761690139777,-0.38751308576086685,-0.7262097528344458,0.5070757567450285,0.255591823370156
4.8503577709198,0.0394982248544693,2.268939256668091,-1.8685761690139777,-0.38751308576086685,-0.7262097528344458,0.5070757567450285,0.255591823370156
4.867018461227417,0.040074948221445084,2.2690818309783936,-1.869038224220276,-0.3867242135543695,-0.7237585211029064,0.5097795641930002,0.2583462438528635
4.883715629577637,0.040074948221445084,2.2690818309783936,-1.869038224220276,-0.3867242135543695,-0.7237585211029064,0.5097795641930002,0.2583462438528635
4.900275945663452,0.04065702483057976,2.2693710327148433,-1.8696241378784182,-0.3844110240979467,-0.7217682439674846,0.5129592038810596,0.261058655680617
4.91701078414917,0.04065702483057976,2.2693710327148433,-1.8696241378784182,-0.3844110240979467,-0.7217682439674846,0.5129592038810596,0.261058655680617
4.933609962463379,0.041208624839782715,2.269197940826415,-1.8704198598861697,-0.38218582520491007,-0.7196392216642107,0.5164130390865405,0.2633836720762585
4.9503560066223145,0.041208624839782715,2.269197940826415,-1.8704198598861697,-0.38218582520491007,-0.7196392216642107,0.5164130390865405,0.2633836720762585
4.966888189315796,0.040805160999298096,2.2700245380401607,-1.8714469671249392,-0.38063296491391074,-0.7178818873424927,0.5198842644320758,0.26359911502572525
4.983816623687744,0.040805160999298096,2.2700245380401607,-1.8714469671249392,-0.38063296491391074,-0.7178818873424927,0.5198842644320758,0.26359911502572525
5.0001771450042725,0.04119708016514778,2.270587205886841,-1.8718384504318244,-0.3795318388113016,-0.7161709807437017,0.5227674240452511,0.2641380889349531
5.016964435577393,0.04119708016514778,2.270587205886841,-1.8718384504318244,-0.3795318388113016,-0.7161709807437017,0.5227674240452511,0.2641380889349531
5.033681154251099,0.04153045639395714,2.271226644515991,-1.8726588487625129,-0.37907718571738314,-0.7156739647227489,0.5243892227233877,0.26292053281965555
5.050462484359741,0.04153045639395714,2.271226644515991,-1.8726588487625129,-0.37907718571738314,-0.7156739647227489,0.5243892227233877,0.26292053281965555
5.066889047622681,0.04171523451805115,2.2717292308807373,-1.8727267980575564,-0.37917503717908196,-0.7160494544404309,0.5241569867749369,0.2622192273476941
5.08365797996521,0.04171523451805115,2.2717292308807373,-1.8727267980575564,-0.37917503717908196,-0.7160494544404309,0.5241569867749369,0.2622192273476941
5.100239276885986,0.041813094168901443,2.2717428207397456,-1.8728628158569338,-0.3791053274442334,-0.7158542976596993,0.5235309461387685,0.2640968073653774
5.116966724395752,0.041813094168901443,2.2717428207397456,-1.8728628158569338,-0.3791053274442334,-0.7158542976596993,0.5235309461387685,0.2640968073653774
5.133610486984253,0.04214401915669441,2.271977663040161,-1.8730727434158325,-0.37790001118857236,-0.7155356407775132,0.5239027849763112,0.26594397946720916
5.150643348693848,0.04214401915669441,2.271977663040161,-1.8730727434158325,-0.37790001118857236,-0.7155356407775132,0.5239027849763112,0.26594397946720916
5.167088031768799,0.04191945865750313,2.272218942642212,-1.8732689619064333,-0.3763462595602493,-0.7150467367667682,0.5250244420982064,0.26724706238548745
5.1838219165802,0.04191945865750313,2.272218942642212,-1.8732689619064333,-0.3763462595602493,-0.7150467367667682,0.5250244420982064,0.26724706238548745
5.200404405593872,0.04152591899037361,2.2721424102783203,-1.873547434806824,-0.37686626622945446,-0.7143135012400161,0.5255567636937167,0.26742873342310525
5.2172017097473145,0.04152591899037361,2.2721424102783203,-1.873547434806824,-0.37686626622945446,-0.7143135012400161,0.5255567636937167,0.26742873342310525
5.233653783798218,0.04205166921019554,2.2723057270050044,-1.873792886734009,-0.37737370792507585,-0.7140184248985197,0.5262352631592856,0.26616389928011247
5.250538349151611,0.04205166921019554,2.2723057270050044,-1.873792886734009,-0.37737370792507585,-0.7140184248985197,0.5262352631592856,0.26616389928011247
5.26698112487793,0.04253644123673439,2.272473335266113,-1.8732830286026003,-0.3781158354977438,-0.7140477281605284,0.5263682098208063,0.26476548971622205
5.283708333969116,0.04253644123673439,2.272473335266113,-1.8732830286026003,-0.3781158354977438,-0.7140477281605284,0.5263682098208063,0.26476548971622205
5.3004372119903564,0.042723651975393295,2.2726731300354004,-1.8725761175155646,-0.37908213091956416,-0.7145451525929828,0.5257589747783549,0.2632479123627888
5.317014932632446,0.042723651975393295,2.2726731300354004,-1.8725761175155646,-0.37908213091956416,-0.7145451525929828,0.5257589747783549,0.2632479123627888
5.333659648895264,0.04271268844604492,2.2728321552276607,-1.8719375133514407,-0.3796828932813904,-0.7150274003256766,0.5249796522601571,0.2626272682829824
5.3503711223602295,0.04271268844604492,2.2728321552276607,-1.8719375133514407,-0.3796828932813904,-0.7150274003256766,0.5249796522601571,0.2626272682829824
5.36698055267334,0.042069848626852036,2.2732987403869624,-1.8726480007171633,-0.38009376878456125,-0.7156703344930319,0.5239083746158597,0.26242087238851336
5.3836586475372314,0.042069848626852036,2.2732987403869624,-1.8726480007171633,-0.38009376878456125,-0.7156703344930319,0.5239083746158597,0.26242087238851336
5.400355815887451,0.04184021055698395,2.273290395736694,-1.8721477985382082,-0.3803616007118669,-0.7163638845152398,0.5224969569195467,0.2629539269072738
5.4170331954956055,0.04184021055698395,2.273290395736694,-1.8721477985382082,-0.3803616007118669,-0.7163638845152398,0.5224969569195467,0.2629539269072738
5.433756113052368,0.04115615412592888,2.2734768390655518,-1.8720231056213381,-0.38037971474683796,-0.7177111835950581,0.5209268200890347,0.26236840065758943
5.450514316558838,0.04115615412592888,2.2734768390655518,-1.8720231056213381,-0.38037971474683796,-0.7177111835950581,0.5209268200890347,0.26236840065758943
5.46698522567749,0.040991879999637604,2.2734639644622794,-1.872036695480347,-0.38184164048851427,-0.7190437534856403,0.5182155603510556,0.26196502662066057
5.483712911605835,0.040991879999637604,2.2734639644622794,-1.872036695480347,-0.38184164048851427,-0.7190437534856403,0.5182155603510556,0.26196502662066057
5.5002970695495605,0.0403866171836853,2.2737019062042236,-1.8726665973663337,-0.3837659848417795,-0.7208637261302665,0.5151492325105136,0.26019305423441996
5.51698637008667,0.0403866171836853,2.2737019062042236,-1.8726665973663337,-0.3837659848417795,-0.7208637261302665,0.5151492325105136,0.26019305423441996
5.533646583557129,0.03955725580453873,2.2738304138183594,-1.8726358413696296,-0.385984166064743,-0.723690490112559,0.5109000664001622,0.2574284759311971
5.550332307815552,0.03955725580453873,2.2738304138183594,-1.8726358413696296,-0.385984166064743,-0.723690490112559,0.5109000664001622,0.2574284759311971
5.567015886306763,0.03874760493636131,2.2730019092559814,-1.8736631870269778,-0.3885361152392145,-0.7269241404815332,0.5053967657527756,0.2553332925935007
5.584075689315796,0.03874760493636131,2.2730019092559814,-1.8736631870269778,-0.3885361152392145,-0.7269241404815332,0.5053967657527756,0.2553332925935007
5.600474119186401,0.03735169768333435,2.2724742889404297,-1.8739202022552492,-0.3916204720153212,-0.7303047510548863,0.49946070176868906,0.2526408198884068
5.617093801498413,0.03735169768333435,2.2724742889404297,-1.8739202022552492,-0.3916204720153212,-0.7303047510548863,0.49946070176868906,0.2526408198884068
5.633769512176514,0.0357736274600029,2.2724144458770748,-1.874114751815796,-0.3951443195584403,-0.7344599956345726,0.49255279462606977,0.24863874605380704
5.650277614593506,0.0357736274600029,2.2724144458770748,-1.874114751815796,-0.3951443195584403,-0.7344599956345726,0.49255279462606977,0.24863874605380704
5.666753530502319,0.034225448966026306,2.2718238830566397,-1.8736070394515993,-0.4013035346558237,-0.7386821115751705,0.4834147550028288,0.2441605737156271
5.683492660522461,0.034225448966026306,2.2718238830566397,-1.8736070394515993,-0.4013035346558237,-0.7386821115751705,0.4834147550028288,0.2441605737156271
5.70012354850769,0.032511238008737564,2.2710359096527095,-1.8730728626251223,-0.406863117078906,-0.7428075705629349,0.4747362117613022,0.23942607693765283
5.717305898666382,0.032511238008737564,2.2710359096527095,-1.8730728626251223,-0.406863117078906,-0.7428075705629349,0.4747362117613022,0.23942607693765283
5.734074592590332,0.030299026519060135,2.2693431377410884,-1.8730455636978152,-0.41285395026348004,-0.7468475767568101,0.46570367362520104,0.23428700607654887
5.750378131866455,0.030299026519060135,2.2693431377410884,-1.8730455636978152,-0.41285395026348004,-0.7468475767568101,0.46570367362520104,0.23428700607654887
5.766805410385132,0.02766845002770424,2.2686069011688232,-1.8725986480712893,-0.41851548167391717,-0.7513179140210178,0.45639339690030245,0.22819125955250513
5.783703804016113,0.02766845002770424,2.2686069011688232,-1.8725986480712893,-0.41851548167391717,-0.7513179140210178,0.45639339690030245,0.22819125955250513
5.800231695175171,0.024999400600790977,2.267167806625366,-1.871983051300049,-0.42587729700239035,-0.7553462459253273,0.44522506448584254,0.22328282203973993
5.817009210586548,0.024999400600790977,2.267167806625366,-1.871983051300049,-0.42587729700239035,-0.7553462459253273,0.44522506448584254,0.22328282203973993
5.833586692810059,0.022226180881261826,2.2655892372131348,-1.8718211650848395,-0.43378625278510513,-0.7592362142050644,0.4339023267535261,0.21706825832464471
5.8502256870269775,0.022226180881261826,2.2655892372131348,-1.8718211650848395,-0.43378625278510513,-0.7592362142050644,0.4339023267535261,0.21706825832464471
5.866838216781616,0.019123636186122894,2.2643344402313232,-1.872025489807129,-0.4414305792649581,-0.7632114800286594,0.4226277678891376,0.20984053529123478
5.883739233016968,0.019123636186122894,2.2643344402313232,-1.872025489807129,-0.4414305792649581,-0.7632114800286594,0.4226277678891376,0.20984053529123478
5.900303363800049,0.016243278980255127,2.2630524635314937,-1.8719481229782104,-0.44955489046444824,-0.7669178682464296,0.41088876526423085,0.20225678333120478
5.91696834564209,0.016243278980255127,2.2630524635314937,-1.8719481229782104,-0.44955489046444824,-0.7669178682464296,0.41088876526423085,0.20225678333120478
5.933575391769409,0.013163336552679539,2.261229991912842,-1.8724164962768561,-0.45891329903215256,-0.7703995124086995,0.3974611684751953,0.19469924192506913
5.950298070907593,0.013163336552679539,2.261229991912842,-1.8724164962768561,-0.45891329903215256,-0.7703995124086995,0.3974611684751953,0.19469924192506913
5.966912508010864,0.010398630984127522,2.259793281555176,-1.8731206655502326,-0.46762738305181206,-0.7738026074143842,0.383781452369519,0.18779231133344296
5.9836835861206055,0.010398630984127522,2.259793281555176,-1.8731206655502326,-0.46762738305181206,-0.7738026074143842,0.383781452369519,0.18779231133344296
6.000255346298218,0.007736776024103165,2.258657693862915,-1.873828172683716,-0.47539742918605343,-0.7772543252965021,0.370287362893732,0.18099797516098443
6.016982316970825,0.007736776024103165,2.258657693862915,-1.873828172683716,-0.47539742918605343,-0.7772543252965021,0.370287362893732,0.18099797516098443
6.033653974533081,0.00474652461707592,2.257004499435425,-1.875223875045777,-0.484112184398363,-0.7797024504190597,0.35664390612872554,0.174655678260982
6.050327777862549,0.00474652461707592,2.257004499435425,-1.875223875045777,-0.484112184398363,-0.7797024504190597,0.35664390612872554,0.174655678260982
6.067030191421509,0.001302899676375091,2.255488157272339,-1.876089453697205,-0.49356158207133793,-0.7810447977670971,0.34414616447533175,0.16712093244447282
6.0836474895477295,0.001302899676375091,2.255488157272339,-1.876089453697205,-0.49356158207133793,-0.7810447977670971,0.34414616447533175,0.16712093244447282
6.100249528884888,-0.00179898866917938,2.254501104354858,-1.8774434328079226,-0.5012599068063862,-0.7831367629898917,0.33224070581083476,0.15827643439402367
6.117011785507202,-0.00179898866917938,2.254501104354858,-1.8774434328079226,-0.5012599068063862,-0.7831367629898917,0.33224070581083476,0.15827643439402367
6.133534669876099,-0.00444104615598917,2.2527730464935303,-1.879248857498169,-0.5115110187233127,-0.7839612673355936,0.31863806325047095,0.14910061599536553
6.1502907276153564,-0.00444104615598917,2.2527730464935303,-1.879248857498169,-0.5115110187233127,-0.7839612673355936,0.31863806325047095,0.14910061599536553
6.166912317276001,-0.007828664034605026,2.251858234405517,-1.8810690641403198,-0.5220675911241924,-0.7845361458636801,0.304280251006959,0.139147385811906
6.183733940124512,-0.007828664034605026,2.251858234405517,-1.8810690641403198,-0.5220675911241924,-0.7845361458636801,0.304280251006959,0.139147385811906
6.200281143188477,-0.011461015790700912,2.250545740127563,-1.8828214406967163,-0.5311664227441348,-0.7856275113216292,0.2894725800267744,0.12983555066477323
6.2169976234436035,-0.011461015790700912,2.250545740127563,-1.8828214406967163,-0.5311664227441348,-0.7856275113216292,0.2894725800267744,0.12983555066477323
6.233646392822266,-0.015106945298612118,2.2491366863250724,-1.884258031845093,-0.5394759925359294,-0.7864412592062241,0.2743258390561419,0.1233739572261758
6.250283241271973,-0.015106945298612118,2.2491366863250724,-1.884258031845093,-0.5394759925359294,-0.7864412592062241,0.2743258390561419,0.1233739572261758
6.266923427581787,-0.018743978813290596,2.247867345809936,-1.8855985403060915,-0.5501747610662215,-0.7854917052952854,0.25914970674039073,0.11468191964908953
6.283797264099121,-0.018743978813290596,2.247867345809936,-1.8855985403060915,-0.5501747610662215,-0.7854917052952854,0.25914970674039073,0.11468191964908953
6.300761699676514,-0.022261017933487892,2.2474865913391113,-1.8868074417114264,-0.5590782234138354,-0.7845255633399939,0.24808120413573687,0.10201419864439285
6.3171164989471436,-0.022261017933487892,2.2474865913391113,-1.8868074417114264,-0.5590782234138354,-0.7845255633399939,0.24808120413573687,0.10201419864439285
6.334027528762817,-0.025616507977247238,2.247055292129516,-1.8878608942031867,-0.5677463716408675,-0.7832242158011058,0.237286176122597,0.08898963924237788
6.350656270980835,-0.025616507977247238,2.247055292129516,-1.8878608942031867,-0.5677463716408675,-0.7832242158011058,0.237286176122597,0.08898963924237788
6.367681980133057,-0.029187431558966637,2.2451398372650146,-1.888735294342041,-0.5787385293176939,-0.7805063028223902,0.2230897584533471,0.07811904768328548
6.383639335632324,-0.029187431558966637,2.2451398372650146,-1.888735294342041,-0.5787385293176939,-0.7805063028223902,0.2230897584533471,0.07811904768328548
6.400178670883179,-0.03160661831498146,2.2446877956390376,-1.8925901651382449,-0.5897431718568107,-0.7769832253725479,0.20935356894921692,0.06834575265637244
6.416936874389648,-0.03160661831498146,2.2446877956390376,-1.8925901651382449,-0.5897431718568107,-0.7769832253725479,0.20935356894921692,0.06834575265637244
6.433570623397827,-0.032693494111299515,2.243179559707641,-1.8937456607818604,-0.596468280262847,-0.7754635538496235,0.19822688632800178,0.05989965632538635
6.45023250579834,-0.032693494111299515,2.243179559707641,-1.8937456607818604,-0.596468280262847,-0.7754635538496235,0.19822688632800178,0.05989965632538635
6.466825723648071,-0.035837069153785706,2.241735219955444,-1.895681977272034,-0.605196163186513,-0.7729668805351861,0.18230642794240592,0.0549924721294382
6.483551979064941,-0.035837069153785706,2.241735219955444,-1.895681977272034,-0.605196163186513,-0.7729668805351861,0.18230642794240592,0.0549924721294382
6.50019645690918,-0.03861599043011665,2.239509105682373,-1.8965170383453371,-0.6173725266193107,-0.7674689025601313,0.16509895617121872,0.05084271481746283
6.5169219970703125,-0.03861599043011665,2.239509105682373,-1.8965170383453371,-0.6173725266193107,-0.7674689025601313,0.16509895617121872,0.05084271481746283
6.533547878265381,-0.042057719081640244,2.23834753036499,-1.8984103202819826,-0.6270719600688306,-0.7629724372462892,0.15129576769659336,0.041992946729073555
6.550255298614502,-0.042057719081640244,2.23834753036499,-1.8984103202819826,-0.6270719600688306,-0.7629724372462892,0.15129576769659336,0.041992946729073555
6.5668394565582275,-0.04654782637953758,2.2365212440490723,-1.9031324386596682,-0.6349921386447575,-0.7591833931689072,0.13848212411972038,0.03533073301237927
6.583647727966309,-0.04654782637953758,2.2365212440490723,-1.9031324386596682,-0.6349921386447575,-0.7591833931689072,0.13848212411972038,0.03533073301237927
6.6001598834991455,-0.049658529460430145,2.2338500022888184,-1.905792951583863,-0.6448644247784887,-0.7533126747751574,0.12565487606631492,0.029677260637832104
6.616909503936768,-0.049658529460430145,2.2338500022888184,-1.905792951583863,-0.6448644247784887,-0.7533126747751574,0.12565487606631492,0.029677260637832104
6.633663654327393,-0.05279518663883209,2.2328009605407715,-1.9081361293792731,-0.6544473774004967,-0.7473785091916562,0.11228132014689673,0.022735420782113103
6.650475978851318,-0.05279518663883209,2.2328009605407715,-1.9081361293792731,-0.6544473774004967,-0.7473785091916562,0.11228132014689673,0.022735420782113103
6.666922330856323,-0.05669335275888443,2.231487512588501,-1.910127639770508,-0.6631882551203304,-0.7419068373884479,0.09740401415110234,0.01637195571623884
6.683537006378174,-0.05669335275888443,2.231487512588501,-1.910127639770508,-0.6631882551203304,-0.7419068373884479,0.09740401415110234,0.01637195571623884
6.7001633644104,-0.059872791171073914,2.2310152053833003,-1.912751913070679,-0.6700117716858067,-0.7375050141743618,0.08390293548603939,0.011440161141637095
6.716928958892822,-0.059872791171073914,2.2310152053833003,-1.912751913070679,-0.6700117716858067,-0.7375050141743618,0.08390293548603939,0.011440161141637095
6.733512878417969,-0.06202608346939087,2.2298128604888916,-1.9140210151672366,-0.6746593416476304,-0.7346061629667964,0.0716293589276979,0.007602170636963779
6.750231504440308,-0.06202608346939087,2.2298128604888916,-1.9140210151672366,-0.6746593416476304,-0.7346061629667964,0.0716293589276979,0.007602170636963779
6.766896963119507,-0.06481780856847763,2.2296333312988277,-1.9156589508056643,-0.6800191113593508,-0.7304948576019742,0.06282515723927429,0.00206659647022428
6.7836103439331055,-0.06481780856847763,2.2296333312988277,-1.9156589508056643,-0.6800191113593508,-0.7304948576019742,0.06282515723927429,0.00206659647022428
6.800213098526001,-0.06677158176898956,2.2294740676879883,-1.9172855615615847,-0.6845657938402183,-0.7266956277238029,0.05712988692764409,-0.004394834542321313
6.817231893539429,-0.06677158176898956,2.2294740676879883,-1.9172855615615847,-0.6845657938402183,-0.7266956277238029,0.05712988692764409,-0.004394834542321313
6.8340229988098145,-0.07005254924297333,2.226411342620849,-1.9206702709197998,-0.6909519244082307,-0.7211252816477928,0.04985521738438026,-0.008844412049999584
6.850581169128418,-0.07005254924297333,2.226411342620849,-1.9206702709197998,-0.6909519244082307,-0.7211252816477928,0.04985521738438026,-0.008844412049999584
6.867264032363892,-0.07140956073999405,2.2257802486419678,-1.9226002693176272,0.6975599856246131,0.7150547760347732,-0.04371095627462446,0.014003072048925425
6.884082317352295,-0.07140956073999405,2.2257802486419678,-1.9226002693176272,0.6975599856246131,0.7150547760347732,-0.04371095627462446,0.014003072048925425
6.900547504425049,-0.07217023521661758,2.2248847484588623,-1.923238277435303,0.7022863460698254,0.7106329129384839,-0.03868399505169279,0.017271354877340883
6.917092800140381,-0.07217023521661758,2.2248847484588623,-1.923238277435303,0.7022863460698254,0.7106329129384839,-0.03868399505169279,0.017271354877340883
6.933922529220581,-0.07298053801059723,2.2246055603027344,-1.9246432781219485,0.7039218051174799,0.7092364730681335,-0.034837763486718465,0.016249547232651818
6.950230360031128,-0.07298053801059723,2.2246055603027344,-1.9246432781219485,0.7039218051174799,0.7092364730681335,-0.034837763486718465,0.016249547232651818
6.966901540756226,-0.07475850731134415,2.223963499069213,-1.9280790090560915,0.7038074162160763,0.7094942321485485,-0.03321109255905513,0.013041424700767912
6.9835100173950195,-0.07475850731134415,2.223963499069213,-1.9280790090560915,0.7038074162160763,0.7094942321485485,-0.03321109255905513,0.013041424700767912
7.000189781188965,-0.07438027113676071,2.223639488220215,-1.929236888885498,0.7028551932359279,0.7104187121447638,-0.03429819106532933,0.011111474497474183
7.016833066940308,-0.07438027113676071,2.223639488220215,-1.929236888885498,0.7028551932359279,0.7104187121447638,-0.03429819106532933,0.011111474497474183
7.033649444580078,-0.0744003877043724,2.2246766090393066,-1.9308837652206423,0.7018113397849863,0.7113685397631823,-0.03634273237331931,0.009739085585503182
7.0504138469696045,-0.0744003877043724,2.2246766090393066,-1.9308837652206423,0.7018113397849863,0.7113685397631823,-0.03634273237331931,0.009739085585503182
7.06760311126709,-0.07409321516752243,2.225117921829223,-1.9318965673446662,0.7013274698237606,0.7116905378244287,-0.03951753486105042,0.008644239716895041
7.0838024616241455,-0.07409321516752243,2.225117921829223,-1.9318965673446662,0.7013274698237606,0.7116905378244287,-0.03951753486105042,0.008644239716895041
7.1004087924957275,-0.07403359562158585,2.225899457931518,-1.9326252937316897,0.7012727458055326,0.7115980481283288,-0.04227172902684395,0.0076062352976227765
7.116999626159668,-0.07403359562158585,2.225899457931518,-1.9326252937316897,0.7012727458055326,0.7115980481283288,-0.04227172902684395,0.0076062352976227765
7.133718013763428,-0.07402567565441132,2.226386547088623,-1.9335515499114997,0.7009309701471554,0.7118635209735005,-0.04356129479675219,0.006965356517016352
7.15047287940979,-0.07402567565441132,2.226386547088623,-1.9335515499114997,0.7009309701471554,0.7118635209735005,-0.04356129479675219,0.006965356517016352
7.1671483516693115,-0.07440610975027084,2.226901054382324,-1.9340713024139407,0.7011036710400289,0.7116974587582174,-0.04337266810445756,0.007692939151651035
7.183840751647949,-0.07440610975027084,2.226901054382324,-1.9340713024139407,0.7011036710400289,0.7116974587582174,-0.04337266810445756,0.007692939151651035
7.2005438804626465,-0.07473667711019516,2.2274820804595943,-1.9346606731414797,0.7032435631064209,0.7096958743309616,-0.041231622443644034,0.00895601572475141
7.217088460922241,-0.07473667711019516,2.2274820804595943,-1.9346606731414797,0.7032435631064209,0.7096958743309616,-0.041231622443644034,0.00895601572475141
7.233682870864868,-0.07568196207284927,2.2269060611724854,-1.9359108209609988,0.7056177436592023,0.707418915621268,-0.03935744858324286,0.010633385892699132
7.2502734661102295,-0.07568196207284927,2.2269060611724854,-1.9359108209609988,0.7056177436592023,0.707418915621268,-0.03935744858324286,0.010633385892699132
7.266926050186157,-0.07747029513120651,2.227059841156006,-1.9376575946807868,0.7076712396059128,0.7053529800270644,-0.038819765581626586,0.01310022907271563
7.283611536026001,-0.07747029513120651,2.227059841156006,-1.9376575946807868,0.7076712396059128,0.7053529800270644,-0.038819765581626586,0.01310022907271563
7.300340890884399,-0.08042319864034653,2.2261979579925533,-1.939626216888428,0.7117975148243226,0.7013271339056085,-0.036072021407608235,0.013540989964999528
7.317000150680542,-0.08042319864034653,2.2261979579925533,-1.939626216888428,0.7117975148243226,0.7013271339056085,-0.036072021407608235,0.013540989964999528
7.333575248718262,-0.08473631739616394,2.224838733673095,-1.9420880079269411,0.7179042706499618,0.6953043293276742,-0.031112077480369593,0.014049428301354139
7.3503196239471436,-0.08473631739616394,2.224838733673095,-1.9420880079269411,0.7179042706499618,0.6953043293276742,-0.031112077480369593,0.014049428301354139
7.366899013519287,-0.08952940255403519,2.223204135894775,-1.9447059631347663,0.7246038389823933,0.6884600604152916,-0.02670207660499091,0.016094124702250134
7.383642673492432,-0.08952940255403519,2.223204135894775,-1.9447059631347663,0.7246038389823933,0.6884600604152916,-0.02670207660499091,0.016094124702250134
7.400224685668945,-0.09575583785772324,2.221221446990967,-1.9484159946441653,0.7322943964177374,0.6803666934742036,-0.02317184581043813,0.017582518246779366
7.416955232620239,-0.09575583785772324,2.221221446990967,-1.9484159946441653,0.7322943964177374,0.6803666934742036,-0.02317184581043813,0.017582518246779366
7.433590412139893,-0.10288578271865845,2.2195346355438232,-1.9529618024826052,0.7409206989035169,0.6710574044202966,-0.019238174630355487,0.018664687136683178
7.450431823730469,-0.10288578271865845,2.2195346355438232,-1.9529618024826052,0.7409206989035169,0.6710574044202966,-0.019238174630355487,0.018664687136683178
7.466899633407593,-0.11155684292316437,2.217925071716308,-1.9581009149551394,0.7513606233487072,0.6594332351775714,-0.015356975591821309,0.019214195922703126
7.483750104904175,-0.11155684292316437,2.217925071716308,-1.9581009149551394,0.7513606233487072,0.6594332351775714,-0.015356975591821309,0.019214195922703126
7.500251531600952,-0.12112195044755936,2.216840267181396,-1.9643665552139284,0.762292027329603,0.6468216093227764,-0.01157005672058864,0.019970091895129438
7.517085790634155,-0.12112195044755936,2.216840267181396,-1.9643665552139284,0.762292027329603,0.6468216093227764,-0.01157005672058864,0.019970091895129438
7.533605098724365,-0.13159489631652832,2.2151458263397217,-1.9701914787292483,0.7736806155710159,0.6331538525186768,-0.010035025365676076,0.020827923475993493
7.550424098968506,-0.13159489631652832,2.2151458263397217,-1.9701914787292483,0.7736806155710159,0.6331538525186768,-0.010035025365676076,0.020827923475993493
7.567098379135132,-0.14304448664188385,2.214149236679077,-1.977321386337281,0.7860482667234021,0.6177037716743494,-0.009510884834389666,0.021902417904999194
7.584032297134399,-0.14304448664188385,2.214149236679077,-1.977321386337281,0.7860482667234021,0.6177037716743494,-0.009510884834389666,0.021902417904999194
7.600395441055298,-0.1566905975341797,2.2120623588562007,-1.9852871894836428,0.7990285222279315,0.6009049852024627,-0.006345495052593075,0.020648344185761724
7.61735725402832,-0.1566905975341797,2.2120623588562007,-1.9852871894836428,0.7990285222279315,0.6009049852024627,-0.006345495052593075,0.020648344185761724
7.633727550506592,-0.17050938308238983,2.2098715305328365,-1.993186950683594,0.8112182858473573,0.584434193358144,-0.0030630945371374896,0.018766560487938788
7.650480270385742,-0.17050938308238983,2.2098715305328365,-1.993186950683594,0.8112182858473573,0.584434193358144,-0.0030630945371374896,0.018766560487938788
7.667088747024536,-0.18537499010562897,2.2086331844329825,-2.000963687896729,0.8243110343392837,0.5658439492422778,-0.0004660755989582266,0.018213361741834466
7.683917760848999,-0.18537499010562897,2.2086331844329825,-2.000963687896729,0.8243110343392837,0.5658439492422778,-0.0004660755989582266,0.018213361741834466
7.700343608856201,-0.20133550465106964,2.2086067199707027,-2.007956027984619,0.8384453234760294,0.5447075739775163,0.0036055513446436316,0.01703227501557003
7.717118501663208,-0.20133550465106964,2.2086067199707027,-2.007956027984619,0.8384453234760294,0.5447075739775163,0.0036055513446436316,0.01703227501557003
7.733637809753418,-0.21703281998634338,2.2089684009552,-2.0155727863311768,0.8529223988214062,0.5217416616312307,0.0039500497345758,0.017129425387772124
7.750387907028198,-0.21703281998634338,2.2089684009552,-2.0155727863311768,0.8529223988214062,0.5217416616312307,0.0039500497345758,0.017129425387772124
7.766951322555542,-0.23269866406917572,2.2095742225646973,-2.0226926803588867,0.8680616147831921,0.4961272004290732,0.003928239284533092,0.017646610737772683
7.783668279647827,-0.23269866406917572,2.2095742225646973,-2.0226926803588867,0.8680616147831921,0.4961272004290732,0.003928239284533092,0.017646610737772683
7.800732374191284,-0.24907219409942627,2.2095248699188232,-2.0308935642242436,0.8821840607664095,0.47052872921154004,0.003827632274500614,0.01842137745751271
7.817033290863037,-0.24907219409942627,2.2095248699188232,-2.0308935642242436,0.8821840607664095,0.47052872921154004,0.003827632274500614,0.01842137745751271
7.833579778671265,-0.26423463225364685,2.210931062698364,-2.0375266075134277,0.8955050341578078,0.44460036589237695,0.002490807185433569,0.019875722023439124
7.850236177444458,-0.26423463225364685,2.210931062698364,-2.0375266075134277,0.8955050341578078,0.44460036589237695,0.002490807185433569,0.019875722023439124
7.866837501525879,-0.2791447043418884,2.21314525604248,-2.043393135070801,0.907555432877484,0.4193947316335865,0.003183234260550699,0.021001484523646696
7.883610725402832,-0.2791447043418884,2.21314525604248,-2.043393135070801,0.907555432877484,0.4193947316335865,0.003183234260550699,0.021001484523646696
7.900378227233887,-0.29361554980278015,2.2158780097961426,-2.048814535140992,0.9182053337544316,0.3954346496814407,0.002663768610157491,0.022875909446850196
7.917104482650757,-0.29361554980278015,2.2158780097961426,-2.048814535140992,0.9182053337544316,0.3954346496814407,0.002663768610157491,0.022875909446850196
7.933704376220703,-0.3067992329597473,2.219619989395141,-2.0532035827636728,0.9272712610276008,0.37349321522079515,0.0018974565765040585,0.02583072424179933
7.950445652008057,-0.3067992329597473,2.219619989395141,-2.0532035827636728,0.9272712610276008,0.37349321522079515,0.0018974565765040585,0.02583072424179933
7.967057704925537,-0.3190017640590668,2.223770141601562,-2.056556940078736,0.9358173751319194,0.3512856802353256,0.002050049124714015,0.02898290119010477
7.983771562576294,-0.3190017640590668,2.223770141601562,-2.056556940078736,0.9358173751319194,0.3512856802353256,0.002050049124714015,0.02898290119010477
8.000377893447876,-0.330284982919693,2.228105545043945,-2.0591299533843994,0.9430468627043501,0.33114072542296247,0.0037071212258557307,0.03153873748350605
8.017083644866943,-0.330284982919693,2.228105545043945,-2.0591299533843994,0.9430468627043501,0.33114072542296247,0.0037071212258557307,0.03153873748350605
8.033741474151611,-0.3415375053882599,2.2311160564422607,-2.061328887939453,0.9497693569206236,0.3110271576639758,0.0060964206637448,0.03410439128828108
8.050621271133423,-0.3415375053882599,2.2311160564422607,-2.061328887939453,0.9497693569206236,0.3110271576639758,0.0060964206637448,0.03410439128828108
8.06696105003357,-0.3512287735939026,2.235438346862792,-2.0631999969482426,0.9559012192687082,0.29142414389545335,0.007566761221585644,0.035602970101024256
8.0837562084198,-0.3512287735939026,2.235438346862792,-2.0631999969482426,0.9559012192687082,0.29142414389545335,0.007566761221585644,0.035602970101024256
8.100452184677124,-0.3608364164829254,2.2394661903381348,-2.065135478973389,0.9623525327642081,0.2693501615123536,0.008651782072944425,0.03540112770159992
8.117016315460205,-0.3608364164829254,2.2394661903381348,-2.065135478973389,0.9623525327642081,0.2693501615123536,0.008651782072944425,0.03540112770159992
8.133647441864014,-0.3702699542045593,2.24226713180542,-2.0627169609069824,0.9686377508321661,0.24580768616857868,0.007620859762498489,0.035516356509815605
8.150437355041504,-0.3702699542045593,2.24226713180542,-2.0627169609069824,0.9686377508321661,0.24580768616857868,0.007620859762498489,0.035516356509815605
8.167110919952393,-0.37929922342300415,2.2470924854278564,-2.066931486129761,0.9735360735303371,0.22511034467551133,0.00815069795804424,0.038554018960453074
8.183819770812988,-0.37929922342300415,2.2470924854278564,-2.066931486129761,0.9735360735303371,0.22511034467551133,0.00815069795804424,0.038554018960453074
8.200560331344604,-0.3867645263671875,2.25098443031311,-2.069937229156494,0.9777220831871161,0.20557866908588487,0.010945421650779552,0.04095285838630647
8.217114686965942,-0.3867645263671875,2.25098443031311,-2.069937229156494,0.9777220831871161,0.20557866908588487,0.010945421650779552,0.04095285838630647
8.233772993087769,-0.392091304063797,2.254481077194214,-2.0668702125549316,0.980306497856744,0.1911763660410296,0.009669440091639295,0.048551717328080946
8.250514030456543,-0.392091304063797,2.254481077194214,-2.0668702125549316,0.980306497856744,0.1911763660410296,0.009669440091639295,0.048551717328080946
8.267075538635254,-0.39899638295173645,2.2574627399444576,-2.0657761096954346,0.9833779140011538,0.17354708679014558,0.013873046363684707,0.0515444032459797
8.283839225769043,-0.39899638295173645,2.2574627399444576,-2.0657761096954346,0.9833779140011538,0.17354708679014558,0.013873046363684707,0.0515444032459797
8.300349712371826,-0.4038780927658081,2.2600033283233643,-2.062145233154297,0.9858605297923846,0.15744631323825065,0.01666301093700591,0.054881857764425834
8.317144632339478,-0.4038780927658081,2.2600033283233643,-2.062145233154297,0.9858605297923846,0.15744631323825065,0.01666301093700591,0.054881857764425834
8.333727836608887,-0.4106961488723755,2.262755870819092,-2.0613067150115967,0.9879289032300376,0.14217965417375086,0.01811548371228778,0.05876442249862873
8.350454568862915,-0.4106961488723755,2.262755870819092,-2.0613067150115967,0.9879289032300376,0.14217965417375086,0.01811548371228778,0.05876442249862873
8.367196321487427,-0.41292065382003784,2.2640445232391357,-2.0663459300994873,0.9894728218374091,0.13034975197802426,0.01285834978837408,0.06153974199736284
8.38384222984314,-0.41292065382003784,2.2640445232391357,-2.0663459300994873,0.9894728218374091,0.13034975197802426,0.01285834978837408,0.06153974199736284
8.400367975234985,-0.41511356830596924,2.2651343345642085,-2.0652194023132324,0.9907087910378529,0.1200439761953014,0.010990822366705906,0.0629661572850142
8.417142868041992,-0.41511356830596924,2.2651343345642085,-2.0652194023132324,0.9907087910378529,0.1200439761953014,0.010990822366705906,0.0629661572850142
8.433908224105835,-0.41544046998023987,2.2670748233795166,-2.0676505565643315,0.9915455339699115,0.11253991386334188,0.007444737518400843,0.06416227657460838
8.45046353340149,-0.41544046998023987,2.2670748233795166,-2.0676505565643315,0.9915455339699115,0.11253991386334188,0.007444737518400843,0.06416227657460838
8.467009782791138,-0.42094889283180237,2.268295049667358,-2.071185827255249,0.9919900771774324,0.10825332815477944,0.007237954652478784,0.06468783299334058
8.483749866485596,-0.42094889283180237,2.268295049667358,-2.071185827255249,0.9919900771774324,0.10825332815477944,0.007237954652478784,0.06468783299334058
8.50035285949707,-0.42117708921432495,2.269226551055908,-2.071368217468262,0.9922808284293849,0.10495653137123731,0.004732346986507131,0.06588238722155881
8.517282009124756,-0.42117708921432495,2.269226551055908,-2.071368217468262,0.9922808284293849,0.10495653137123731,0.004732346986507131,0.06588238722155881
8.533673763275146,-0.42140746116638184,2.270330190658569,-2.071589469909668,0.9922686629425017,0.10462294773235632,0.0038241633048561666,0.06665069485842062
8.550405263900757,-0.42140746116638184,2.270330190658569,-2.071589469909668,0.9922686629425017,0.10462294773235632,0.0038241633048561666,0.06665069485842062
8.567027568817139,-0.4206731617450714,2.2714629173278804,-2.072018623352051,0.9924386464186972,0.10161672549110493,0.0036763213313235205,0.06874633704102778
8.583888530731201,-0.4206731617450714,2.2714629173278804,-2.072018623352051,0.9924386464186972,0.10161672549110493,0.0036763213313235205,0.06874633704102778
8.60043454170227,-0.4207709729671478,2.2724275588989253,-2.072243928909302,0.9925053523322817,0.10006779875159964,0.0033775409001453108,0.07005821480919
8.617044448852539,-0.4207709729671478,2.2724275588989253,-2.072243928909302,0.9925053523322817,0.10006779875159964,0.0033775409001453108,0.07005821480919
8.633831977844238,-0.4207896292209625,2.2709348201751705,-2.069718360900879,0.9925084056766993,0.09946314407287868,0.005031441259008153,0.07077310386786317
8.650326490402222,-0.4207896292209625,2.2709348201751705,-2.069718360900879,0.9925084056766993,0.09946314407287868,0.005031441259008153,0.07077310386786317
8.666947364807129,-0.4211989641189575,2.2707374095916744,-2.0698580741882324,0.9927490352344301,0.09650903300745442,0.006216144252345172,0.07139130997332954
8.683620929718018,-0.4211989641189575,2.2707374095916744,-2.0698580741882324,0.9927490352344301,0.09650903300745442,0.006216144252345172,0.07139130997332954
8.700176477432251,-0.42089614272117615,2.2703027725219727,-2.069750308990479,0.9928196499961404,0.09641699493716871,0.005832842032966544,0.0705612047987127
8.716989278793335,-0.42089614272117615,2.2703027725219727,-2.069750308990479,0.9928196499961404,0.09641699493716871,0.005832842032966544,0.0705612047987127
8.733554601669312,-0.42086878418922424,2.270447492599487,-2.069720983505249,0.9927573632194095,0.09726025267809288,0.00575380543878716,0.07028623439629611
8.7503023147583,-0.42086878418922424,2.270447492599487,-2.069720983505249,0.9927573632194095,0.09726025267809288,0.00575380543878716,0.07028623439629611
8.766888856887817,-0.4207441806793213,2.2706871032714844,-2.0696318149566655,0.9928697147433837,0.09609891434921272,0.004706211724633265,0.07037456768959521
8.783636331558228,-0.4207441806793213,2.2706871032714844,-2.0696318149566655,0.9928697147433837,0.09609891434921272,0.004706211724633265,0.07037456768959521
8.800304889678955,-0.4204312860965729,2.270344257354736,-2.070012331008911,0.9929850575615577,0.09551209522266135,0.0038020108532088454,0.06959640679747209
8.816991567611694,-0.4204312860965729,2.270344257354736,-2.070012331008911,0.9929850575615577,0.09551209522266135,0.0038020108532088454,0.06959640679747209
8.833561897277832,-0.42004263401031494,2.2704968452453613,-2.0701968669891357,0.9930355300301443,0.09449283962848959,0.0028759512928924133,0.07030837973424953
8.850207328796387,-0.42004263401031494,2.2704968452453613,-2.0701968669891357,0.9930355300301443,0.09449283962848959,0.0028759512928924133,0.07030837973424953
8.8668372631073,-0.4196885824203491,2.270135402679443,-2.070051431655884,0.993219089458274,0.09309479431922459,0.0019273063092368342,0.0696095187221436
8.883647918701172,-0.4196885824203491,2.270135402679443,-2.070051431655884,0.993219089458274,0.09309479431922459,0.0019273063092368342,0.0696095187221436
8.900178909301758,-0.419329434633255,2.2694172859191895,-2.0700802803039555,0.99340840770443,0.09129559604147541,0.0014149688500315616,0.06930257938009371
8.916925430297852,-0.419329434633255,2.2694172859191895,-2.0700802803039555,0.99340840770443,0.09129559604147541,0.0014149688500315616,0.06930257938009371
8.933568954467773,-0.4187988042831421,2.2680044174194336,-2.0701472759246826,0.9936427374087528,0.08922270939721341,-0.0003605907283120366,0.06865339392184061
8.950237512588501,-0.4187988042831421,2.2680044174194336,-2.0701472759246826,0.9936427374087528,0.08922270939721341,-0.0003605907283120366,0.06865339392184061
8.966845035552979,-0.41901880502700806,2.2648031711578365,-2.0705480575561523,0.9938050446890057,0.08862979940263674,-0.0009255167744491588,0.06704800688485957
8.983595371246338,-0.41901880502700806,2.2648031711578365,-2.0705480575561523,0.9938050446890057,0.08862979940263674,-0.0009255167744491588,0.06704800688485957
9.000148296356201,-0.4192917048931122,2.262167692184448,-2.0705811977386475,0.9938763644523096,0.08820778493999556,-0.0015836207231303065,0.06653308203025388
9.016952753067017,-0.4192917048931122,2.262167692184448,-2.0705811977386475,0.9938763644523096,0.08820778493999556,-0.0015836207231303065,0.06653308203025388
9.033515691757202,-0.41892990469932556,2.256766557693481,-2.070385694503784,0.9938411994982217,0.08852894219427694,-0.003029430284457263,0.06658167259877223
9.050228118896484,-0.41892990469932556,2.256766557693481,-2.070385694503784,0.9938411994982217,0.08852894219427694,-0.003029430284457263,0.06658167259877223
9.066938161849976,-0.4189319610595703,2.249053955078124,-2.069969177246094,0.9937339305003561,0.09027376250931096,-0.005714175013278443,0.06565722640078314
9.083584308624268,-0.4189319610595703,2.249053955078124,-2.069969177246094,0.9937339305003561,0.09027376250931096,-0.005714175013278443,0.06565722640078314
9.100148439407349,-0.41906675696372986,2.2403042316436763,-2.0697815418243413,0.9937080492906919,0.0915209968451936,-0.00544979568022768,0.06433132703740674
9.11683201789856,-0.41906675696372986,2.2403042316436763,-2.0697815418243413,0.9937080492906919,0.0915209968451936,-0.00544979568022768,0.06433132703740674
9.13360071182251,-0.419547438621521,2.2298905849456787,-2.0698671340942383,0.9938221768478649,0.09169662599837358,-0.003807394614678092,0.06240763841176539
9.150277137756348,-0.419547438621521,2.2298905849456787,-2.0698671340942383,0.9938221768478649,0.09169662599837358,-0.003807394614678092,0.06240763841176539
9.166884660720825,-0.4199385643005371,2.2190101146698,-2.069860696792603,0.9936945719752863,0.09293128722615124,-0.0031298426288831407,0.06265043947540472
9.1836256980896,-0.4199385643005371,2.2190101146698,-2.069860696792603,0.9936945719752863,0.09293128722615124,-0.0031298426288831407,0.06265043947540472
9.200230360031128,-0.4216817021369934,2.2069566249847408,-2.070358276367188,0.9937519215033372,0.09237223927579322,-0.0008771605796498091,0.06263959218352311
9.216941833496094,-0.4216817021369934,2.2069566249847408,-2.070358276367188,0.9937519215033372,0.09237223927579322,-0.0008771605796498091,0.06263959218352311
9.233523607254028,-0.42274346947669983,2.193876981735229,-2.069633960723877,0.9938292068194046,0.09265236565903037,-0.0001256166274854406,0.06098385877395185
9.250268459320068,-0.42274346947669983,2.193876981735229,-2.069633960723877,0.9938292068194046,0.09265236565903037,-0.0001256166274854406,0.06098385877395185
9.26685643196106,-0.4243814945220947,2.1802384853363037,-2.0690410137176523,0.9941628681740394,0.08991331413452876,0.0005903397851745179,0.05962750191187821
9.28366470336914,-0.4243814945220947,2.1802384853363037,-2.0690410137176523,0.9941628681740394,0.08991331413452876,0.0005903397851745179,0.05962750191187821
9.300270557403564,-0.4259093403816223,2.1661810874938965,-2.0685150623321533,0.9946589025391035,0.0842501516770488,0.00441807768573356,0.05946478059879845
9.316874742507935,-0.4259093403816223,2.1661810874938965,-2.0685150623321533,0.9946589025391035,0.0842501516770488,0.00441807768573356,0.05946478059879845
9.33350658416748,-0.42735782265663147,2.1516118049621573,-2.06889820098877,0.9948031834122166,0.0824990608292834,0.0009101888288562746,0.059663244895847234
9.350305080413818,-0.42735782265663147,2.1516118049621573,-2.06889820098877,0.9948031834122166,0.0824990608292834,0.0009101888288562746,0.059663244895847234
9.366854906082153,-0.4287364184856415,2.1363308429718013,-2.0701496601104736,0.995117489227612,0.0802753306303163,-0.0015175672744093954,0.05739992086313672
9.383825063705444,-0.4287364184856415,2.1363308429718013,-2.0701496601104736,0.995117489227612,0.0802753306303163,-0.0015175672744093954,0.05739992086313672
9.400669813156128,-0.43004128336906433,2.12065052986145,-2.0700020790100098,0.9954864826926666,0.07628781852347433,-0.004006773282791469,0.056309655379632506
9.417428970336914,-0.43004128336906433,2.12065052986145,-2.0700020790100098,0.9954864826926666,0.07628781852347433,-0.004006773282791469,0.056309655379632506
9.433691024780273,-0.43062013387680054,2.104761362075805,-2.0683791637420654,0.9957939812998449,0.07346500500345943,-0.002448897698382378,0.05469225490788154
9.450368881225586,-0.43062013387680054,2.104761362075805,-2.0683791637420654,0.9957939812998449,0.07346500500345943,-0.002448897698382378,0.05469225490788154
9.467046737670898,-0.43132147192955017,2.088406801223755,-2.0682573318481445,0.9959553752816683,0.07277097936443173,-0.005296231351125016,0.05243305201271253
9.483734130859375,-0.43132147192955017,2.088406801223755,-2.0682573318481445,0.9959553752816683,0.07277097936443173,-0.005296231351125016,0.05243305201271253
9.500247716903687,-0.43166857957839966,2.0723323822021475,-2.067734003067017,0.9965006350189328,0.06794258957527724,-0.00411158074081347,0.048511687586405894
9.517096519470215,-0.43166857957839966,2.0723323822021475,-2.067734003067017,0.9965006350189328,0.06794258957527724,-0.00411158074081347,0.048511687586405894
9.533827304840088,-0.4317507743835449,2.057207345962524,-2.067987442016602,0.9968595500806425,0.0656479284645706,-0.0034829279270075335,0.04415038068221666
9.550365686416626,-0.4317507743835449,2.057207345962524,-2.067987442016602,0.9968595500806425,0.0656479284645706,-0.0034829279270075335,0.04415038068221666
9.56702208518982,-0.43162545561790466,2.042465448379516,-2.0675816535949707,0.9970118655022231,0.06457557717261486,-0.007929943567339472,0.04164673907546029
9.583698034286499,-0.43162545561790466,2.042465448379516,-2.0675816535949707,0.9970118655022231,0.06457557717261486,-0.007929943567339472,0.04164673907546029
9.600388288497925,-0.432730108499527,2.027390718460083,-2.0682108402252197,0.9969427064475576,0.06594595233261538,-0.013385199501494072,0.03971407642472252
9.617014169692993,-0.432730108499527,2.027390718460083,-2.0682108402252197,0.9969427064475576,0.06594595233261538,-0.013385199501494072,0.03971407642472252
9.633744716644287,-0.4330257773399353,2.0157086849212646,-2.0690758228302,0.9971387243902411,0.06633514865961589,-0.00788383371645085,0.03538159888474263
9.650477170944214,-0.4330257773399353,2.0157086849212646,-2.0690758228302,0.9971387243902411,0.06633514865961589,-0.00788383371645085,0.03538159888474263
9.666980266571045,-0.43341609835624695,2.0045466423034664,-2.069166421890259,0.9974483249694812,0.0625282862523005,-0.00819969747384458,0.033463672770096986
9.683702230453491,-0.43341609835624695,2.0045466423034664,-2.069166421890259,0.9974483249694812,0.0625282862523005,-0.00819969747384458,0.033463672770096986
9.700231075286865,-0.4329978823661804,1.9933838844299314,-2.0683329105377197,0.9975234705158874,0.05993014193618919,-0.015080031099892748,0.03358417066824809
9.717066526412964,-0.4329978823661804,1.9933838844299314,-2.0683329105377197,0.9975234705158874,0.05993014193618919,-0.015080031099892748,0.03358417066824809
9.733670234680176,-0.4330814778804779,1.9872207641601556,-2.069169044494629,0.9974740831653065,0.061241025833159476,-0.013098815273318722,0.033517326964856375
9.75043272972107,-0.4330814778804779,1.9872207641601556,-2.069169044494629,0.9974740831653065,0.061241025833159476,-0.013098815273318722,0.033517326964856375
9.766884565353394,-0.4332609474658966,1.9814449548721307,-2.069504737854004,0.9975846208448487,0.05926085924675868,-0.013022045413366292,0.033815693818514736
9.783639430999756,-0.4332609474658966,1.9814449548721307,-2.069504737854004,0.9975846208448487,0.05926085924675868,-0.013022045413366292,0.033815693818514736
9.800315856933594,-0.4335847795009613,1.976593375205993,-2.0702364444732666,0.9976611190091241,0.058106879785669294,-0.012682694029466035,0.03369022723566767
9.817053079605103,-0.4335847795009613,1.976593375205993,-2.0702364444732666,0.9976611190091241,0.058106879785669294,-0.012682694029466035,0.03369022723566767
9.833552122116089,-0.43574124574661255,1.9742448329925535,-2.068814992904663,0.9975761503500586,0.05969708825578977,-0.011822405038441845,0.03373888921770507
9.85029149055481,-0.43574124574661255,1.9742448329925535,-2.068814992904663,0.9975761503500586,0.05969708825578977,-0.011822405038441845,0.03373888921770507
9.866819858551025,-0.43397143483161926,1.9718892574310298,-2.0675177574157715,0.9976331887275955,0.05880960266718442,-0.012463747711017763,0.0333782320732251
9.883594512939453,-0.43397143483161926,1.9718892574310298,-2.0675177574157715,0.9976331887275955,0.05880960266718442,-0.012463747711017763,0.0333782320732251
9.900243043899536,-0.4343050420284271,1.9714223146438592,-2.0676355361938477,0.9977043865768473,0.057507778340141605,-0.012095125281707746,0.03365294014076253
9.917030096054077,-0.4343050420284271,1.9714223146438592,-2.0676355361938477,0.9977043865768473,0.057507778340141605,-0.012095125281707746,0.03365294014076253
9.933586597442627,-0.4338715970516205,1.9724820852279663,-2.068730354309082,0.9976888268701987,0.05749050571784649,-0.012188624323190456,0.034106948379782676
9.950246810913086,-0.4338715970516205,1.9724820852279663,-2.068730354309082,0.9976888268701987,0.05749050571784649,-0.012188624323190456,0.034106948379782676
9.9668550491333,-0.4339139759540558,1.9724105596542356,-2.0690217018127446,0.9976962848252053,0.057358486651804444,-0.012150531432874232,0.03412465151318472
9.983720779418945,-0.4339139759540558,1.9724105596542356,-2.0690217018127446,0.9976962848252053,0.057358486651804444,-0.012150531432874232,0.03412465151318472
10.000267267227173,-0.4338812828063965,1.9722640514373777,-2.06910252571106,0.9977443583422771,0.056511156925775546,-0.012187479027466815,0.03411964088355668
10.016942024230957,-0.4338812828063965,1.9722640514373777,-2.06910252571106,0.9977443583422771,0.056511156925775546,-0.012187479027466815,0.03411964088355668
10.033642053604126,-0.4338562488555908,1.9721972942352288,-2.0692474842071533,0.9979491557154677,0.0527159913094757,-0.012348980228741598,0.03414688205904942
10.050264596939087,-0.4338562488555908,1.9721972942352288,-2.0692474842071533,0.9979491557154677,0.0527159913094757,-0.012348980228741598,0.03414688205904942
10.066837072372437,-0.43384334444999695,1.972577929496765,-2.069369792938233,0.9981403905094887,0.048771021065405,-0.01252239600147699,0.03435604657386421
10.083601713180542,-0.43384334444999695,1.972577929496765,-2.069369792938233,0.9981403905094887,0.048771021065405,-0.01252239600147699,0.03435604657386421
10.100173473358154,-0.43385088443756104,1.9727711677551265,-2.0693063735961914,0.9981785918395619,0.04797708427414237,-0.012588099818027696,0.03434003379020789
10.116934537887573,-0.43385088443756104,1.9727711677551265,-2.0693063735961914,0.9981785918395619,0.04797708427414237,-0.012588099818027696,0.03434003379020789
10.134085655212402,-0.43380844593048096,1.9727582931518552,-2.069366693496704,0.9981807460674346,0.04792567736634501,-0.012593087693404965,0.03434736920905246
10.150474548339844,-0.43380844593048096,1.9727582931518552,-2.069366693496704,0.9981807460674346,0.04792567736634501,-0.012593087693404965,0.03434736920905246
10.167091131210327,-0.4337439239025116,1.972751975059509,-2.06941556930542,0.9981912438136621,0.047708444935253634,-0.012589088473342985,0.0343461774729672
10.183583736419678,-0.4337439239025116,1.972751975059509,-2.06941556930542,0.9981912438136621,0.047708444935253634,-0.012589088473342985,0.0343461774729672
10.200252532958984,-0.4339781403541565,1.9722509384155271,-2.0690515041351323,0.9981953539827888,0.04780637859768813,-0.012430807749523803,0.03414762760783485
10.216963529586792,-0.4339781403541565,1.9722509384155271,-2.0690515041351323,0.9981953539827888,0.04780637859768813,-0.012430807749523803,0.03414762760783485
10.233524560928345,-0.43441423773765564,1.9728527069091795,-2.0687434673309326,0.9982050206912984,0.0475443012499428,-0.012355199096444017,0.03425821274711244
10.250290870666504,-0.43441423773765564,1.9728527069091795,-2.0687434673309326,0.9982050206912984,0.0475443012499428,-0.012355199096444017,0.03425821274711244
10.266803979873657,-0.4343554973602295,1.9729052782058714,-2.0689587593078613,0.9982075200066012,0.047551006082124356,-0.012298346915710533,0.03419648353251148
10.283634662628174,-0.4343554973602295,1.9729052782058714,-2.0689587593078613,0.9982075200066012,0.047551006082124356,-0.012298346915710533,0.03419648353251148
