0.0007081031799316406,-0.21045932173728943,2.0887882709503174,-2.160868406295777,0.6752992878272861,-0.36600079388617135,0.28003608339339764,-0.5758420640525824
0.017170429229736328,-0.21045932173728943,2.0887882709503174,-2.160868406295777,0.6752992878272861,-0.36600079388617135,0.28003608339339764,-0.5758420640525824
0.03373551368713379,-0.21001628041267395,2.089616298675536,-2.160678863525391,0.6753628543937156,-0.36592895118746344,0.28000936083940287,-0.5758261677193258
0.050635337829589844,-0.21001628041267395,2.089616298675536,-2.160678863525391,0.6753628543937156,-0.36592895118746344,0.28000936083940287,-0.5758261677193258
0.06704998016357422,-0.20981769263744354,2.08913516998291,-2.160581588745117,0.6752827600725135,-0.3659752807362828,0.27994498987012856,-0.5759219482581475
0.08363151550292969,-0.20981769263744354,2.08913516998291,-2.160581588745117,0.6752827600725135,-0.3659752807362828,0.27994498987012856,-0.5759219482581475
0.10026288032531738,-0.21013320982456207,2.0893030166625968,-2.1606841087341313,0.6753653870272657,-0.36589230475091955,0.2799259261981042,-0.5758870472338349
0.11693000793457031,-0.21013320982456207,2.0893030166625968,-2.1606841087341313,0.6753653870272657,-0.36589230475091955,0.2799259261981042,-0.5758870472338349
0.13370203971862793,-0.2102193683385849,2.089358806610107,-2.160691022872925,0.6753754474501865,-0.3659345484864851,0.27994095426791155,-0.575841100763938
0.15028047561645508,-0.2102193683385849,2.089358806610107,-2.160691022872925,0.6753754474501865,-0.3659345484864851,0.27994095426791155,-0.575841100763938
0.16682791709899902,-0.21058343350887299,2.0896985530853267,-2.1607744693756104,0.6754393606973824,-0.3657259409887481,0.28002239566201015,-0.5758590661232266
0.18350839614868164,-0.21058343350887299,2.0896985530853267,-2.1607744693756104,0.6754393606973824,-0.3657259409887481,0.28002239566201015,-0.5758590661232266
0.20017576217651367,-0.21073122322559357,2.0894594192504874,-2.1609170436859135,0.6755209005729215,-0.36572069444481936,0.28001861148709734,-0.5757685852534735
0.21730256080627441,-0.21073122322559357,2.0894594192504874,-2.1609170436859135,0.6755209005729215,-0.36572069444481936,0.28001861148709734,-0.5757685852534735
0.23384332656860352,-0.21021658182144165,2.089627265930175,-2.1604413986206055,0.6755604303400417,-0.3656473555002758,0.28000462691662287,-0.57577558586633
0.2505929470062256,-0.21021658182144165,2.089627265930175,-2.1604413986206055,0.6755604303400417,-0.3656473555002758,0.28000462691662287,-0.57577558586633
0.2673153877258301,-0.21040105819702148,2.089743375778198,-2.16050124168396,0.6755150168174149,-0.365719982438705,0.2800162264818028,-0.5757771004530249
0.28375911712646484,-0.21040105819702148,2.089743375778198,-2.16050124168396,0.6755150168174149,-0.365719982438705,0.2800162264818028,-0.5757771004530249
0.3002603054046631,-0.21032340824604034,2.08911371231079,-2.1604492664337163,0.6753363979064141,-0.3658453411118331,0.2800088131432163,-0.5759105838684364
0.3172309398651123,-0.21032340824604034,2.08911371231079,-2.1604492664337163,0.6753363979064141,-0.3658453411118331,0.2800088131432163,-0.5759105838684364
0.33367419242858887,-0.20984137058258057,2.08890414237976,-2.160796165466309,0.6749761691693088,-0.36570505036374606,0.2800784890876361,-0.5763879137719331
0.35059070587158203,-0.20984137058258057,2.08890414237976,-2.160796165466309,0.6749761691693088,-0.36570505036374606,0.2800784890876361,-0.5763879137719331
0.3669428825378418,-0.21014611423015594,2.088941812515258,-2.1608893871307377,0.6745206012586378,-0.3656434406638197,0.2801974941713896,-0.5769022421843094
0.38390541076660156,-0.21014611423015594,2.088941812515258,-2.1608893871307377,0.6745206012586378,-0.3656434406638197,0.2801974941713896,-0.5769022421843094
0.40032124519348145,-0.21017403900623322,2.08862543106079,-2.160914421081543,0.6742230160484829,-0.36530472275539133,0.27994652593290803,-0.5775861206618362
0.41712284088134766,-0.21017403900623322,2.08862543106079,-2.160914421081543,0.6742230160484829,-0.36530472275539133,0.27994652593290803,-0.5775861206618362
0.433626651763916,-0.21011438965797424,2.0887577533721924,-2.160963773727417,0.6740152124486378,-0.36507621507105187,0.27970436893330036,-0.5780902322101947
0.45032429695129395,-0.21011438965797424,2.0887577533721924,-2.160963773727417,0.6740152124486378,-0.36507621507105187,0.27970436893330036,-0.5780902322101947
0.4670286178588867,-0.21025902032852173,2.0889928340911865,-2.160715341567993,0.6729998210327005,-0.3658167852673138,0.2803879909968675,-0.5784737634598318
0.483689546585083,-0.21025902032852173,2.0889928340911865,-2.160715341567993,0.6729998210327005,-0.3658167852673138,0.2803879909968675,-0.5784737634598318
0.5003104209899902,-0.21054397523403168,2.088456869125366,-2.161012887954712,0.6695193861983258,-0.367239460168516,0.28125299996721465,-0.5811847558300166
0.5172960758209229,-0.21054397523403168,2.088456869125366,-2.161012887954712,0.6695193861983258,-0.367239460168516,0.28125299996721465,-0.5811847558300166
0.5337860584259033,-0.21062549948692322,2.0882995128631583,-2.160958290100098,0.6651599557564465,-0.36971408015341106,0.2797056273809301,-0.5853533071622979
0.5505690574645996,-0.21062549948692322,2.0882995128631583,-2.160958290100098,0.6651599557564465,-0.36971408015341106,0.2797056273809301,-0.5853533071622979
0.5671577453613281,-0.21090954542160034,2.0888447761535645,-2.161059617996216,0.6593090934147714,-0.3715271956705662,0.2764522234893265,-0.5923286506202146
0.5837020874023438,-0.21090954542160034,2.0888447761535645,-2.161059617996216,0.6593090934147714,-0.3715271956705662,0.2764522234893265,-0.5923286506202146
0.6002137660980225,-0.21105387806892395,2.089487075805664,-2.1613757610321045,0.6500509782942596,-0.37367547421771224,0.27678197400692683,-0.600992599331866
0.6169002056121826,-0.21105387806892395,2.089487075805664,-2.1613757610321045,0.6500509782942596,-0.37367547421771224,0.27678197400692683,-0.600992599331866
0.6334891319274902,-0.21070684492588043,2.089637041091919,-2.160114288330078,0.6440822681012698,-0.3740040704298283,0.2769992346753459,-0.6070835290211032
0.6501946449279785,-0.21070684492588043,2.089637041091919,-2.160114288330078,0.6440822681012698,-0.3740040704298283,0.2769992346753459,-0.6070835290211032
0.6668665409088135,-0.21000120043754578,2.088792324066162,-2.156681299209595,0.645837045856287,-0.37208496953538045,0.2733409306391437,-0.608055935981885
0.6835272312164307,-0.21000120043754578,2.088792324066162,-2.156681299209595,0.645837045856287,-0.37208496953538045,0.2733409306391437,-0.608055935981885
0.7002267837524414,-0.20842164754867554,2.0878453254699707,-2.1516430377960205,0.6507121821374509,-0.37148013643856065,0.2692855240580334,-0.6050301403916134
0.7169466018676758,-0.20842164754867554,2.0878453254699707,-2.1516430377960205,0.6507121821374509,-0.37148013643856065,0.2692855240580334,-0.6050301403916134
0.73370361328125,-0.20710530877113342,2.0859978199005123,-2.1449360847473145,0.6548603233450364,-0.37160838185813716,0.2673853802469542,-0.6013070978056083
0.7503666877746582,-0.20710530877113342,2.0859978199005123,-2.1449360847473145,0.6548603233450364,-0.37160838185813716,0.2673853802469542,-0.6013070978056083
0.7672255039215088,-0.20521606504917145,2.0844655036926265,-2.136932849884033,0.6575597657999377,-0.36967191377775277,0.2662181794961847,-0.6000714219747194
0.7835907936096191,-0.20521606504917145,2.0844655036926265,-2.136932849884033,0.6575597657999377,-0.36967191377775277,0.2662181794961847,-0.6000714219747194
0.8001668453216553,-0.2025989145040512,2.0822191238403316,-2.1266865730285645,0.6586024771164458,-0.36412157267555556,0.2676303147188139,-0.6016911766777621
0.8168408870697021,-0.2025989145040512,2.0822191238403316,-2.1266865730285645,0.6586024771164458,-0.36412157267555556,0.2676303147188139,-0.6016911766777621
0.8334827423095703,-0.20028501749038696,2.079518318176269,-2.113966703414917,0.6593063141276033,-0.358252800591473,0.27140348466206066,-0.6027522405873997
0.8502473831176758,-0.20028501749038696,2.079518318176269,-2.113966703414917,0.6593063141276033,-0.358252800591473,0.27140348466206066,-0.6027522405873997
0.8668355941772461,-0.1979413777589798,2.076234817504883,-2.098907709121704,0.6637339219650225,-0.35364726271785457,0.27331401179695725,-0.5997418989536674
0.8835568428039551,-0.1979413777589798,2.076234817504883,-2.098907709121704,0.6637339219650225,-0.35364726271785457,0.27331401179695725,-0.5997418989536674
0.9001212120056152,-0.195943683385849,2.072460174560546,-2.0809211730957036,0.6724943140893098,-0.3507779074000254,0.27203161888752003,-0.5922035591948457
0.9168291091918945,-0.195943683385849,2.072460174560546,-2.0809211730957036,0.6724943140893098,-0.3507779074000254,0.27203161888752003,-0.5922035591948457
0.9334535598754883,-0.1930033564567566,2.0689513683319083,-2.0615241527557377,0.6800441843714581,-0.3503463832593945,0.27419701550338316,-0.5827635161269595
0.950188398361206,-0.1930033564567566,2.0689513683319083,-2.0615241527557377,0.6800441843714581,-0.3503463832593945,0.27419701550338316,-0.5827635161269595
0.9669384956359863,-0.19064843654632568,2.0652010440826416,-2.041101932525635,0.6862221764181731,-0.35068165649446625,0.27609083543671464,-0.5743651721492694
0.9834825992584229,-0.19064843654632568,2.0652010440826416,-2.041101932525635,0.6862221764181731,-0.35068165649446625,0.27609083543671464,-0.5743651721492694
1.0001637935638428,-0.18780890107154846,2.0621087551116943,-2.0195901393890385,0.6917664711216941,-0.35061752024898146,0.27716734611162763,-0.5671902380821894
1.0168921947479248,-0.18780890107154846,2.0621087551116943,-2.0195901393890385,0.6917664711216941,-0.35061752024898146,0.27716734611162763,-0.5671902380821894
1.0335288047790527,-0.18434548377990723,2.058694839477539,-1.9975119829177859,0.6962657150214595,-0.34405129122718414,0.2828515100648287,-0.5628834571601916
1.0501794815063477,-0.18434548377990723,2.058694839477539,-1.9975119829177859,0.6962657150214595,-0.34405129122718414,0.2828515100648287,-0.5628834571601916
1.0668725967407227,-0.18057279288768768,2.0553205013275146,-1.975510478019715,0.7013251679285695,-0.3329849370525242,0.28800843553354044,-0.5606381913387751
1.0835144519805908,-0.18057279288768768,2.0553205013275146,-1.975510478019715,0.7013251679285695,-0.3329849370525242,0.28800843553354044,-0.5606381913387751
1.1002049446105957,-0.17668591439723969,2.0523014068603516,-1.953281998634339,0.7057012011710112,-0.3268669457415434,0.2896751124161569,-0.557881836676974
1.117272138595581,-0.17668591439723969,2.0523014068603516,-1.953281998634339,0.7057012011710112,-0.3268669457415434,0.2896751124161569,-0.557881836676974
1.133718490600586,-0.17328667640686035,2.0505068302154537,-1.9313564300537114,0.7103350459176712,-0.3195031018608114,0.29374316910772524,-0.5541270982771104
1.150418996810913,-0.17328667640686035,2.0505068302154537,-1.9313564300537114,0.7103350459176712,-0.3195031018608114,0.29374316910772524,-0.5541270982771104
1.1670372486114502,-0.17063333094120026,2.0487740039825435,-1.910630464553833,0.7146357182805371,-0.31424083260852737,0.29757830971931487,-0.5495412985970718
1.183741569519043,-0.17063333094120026,2.0487740039825435,-1.910630464553833,0.7146357182805371,-0.31424083260852737,0.29757830971931487,-0.5495412985970718
1.2003097534179688,-0.16856341063976288,2.0480911731719966,-1.8902478218078616,0.71743807711173,-0.3123526546461807,0.3032363520849811,-0.5438438557342542
1.217214584350586,-0.16856341063976288,2.0480911731719966,-1.8902478218078616,0.71743807711173,-0.3123526546461807,0.3032363520849811,-0.5438438557342542
1.233649730682373,-0.16623038053512573,2.047018527984619,-1.8702565431594853,0.7205057491934571,-0.31154956607989837,0.30667530543728877,-0.5382922907580487
1.2504277229309082,-0.16623038053512573,2.047018527984619,-1.8702565431594853,0.7205057491934571,-0.31154956607989837,0.30667530543728877,-0.5382922907580487
1.2670180797576904,-0.1647571474313736,2.0464446544647217,-1.8523107767105105,0.7237118738433718,-0.31089359619667006,0.3086425554205985,-0.5332223443231351
1.2837104797363281,-0.1647571474313736,2.0464446544647217,-1.8523107767105105,0.7237118738433718,-0.31089359619667006,0.3086425554205985,-0.5332223443231351
1.3003525733947754,-0.16266243159770966,2.0465714931488033,-1.8354654312133791,0.7275225702953737,-0.3083403558575387,0.3104066191236013,-0.5284740915737638
1.317070722579956,-0.16266243159770966,2.0465714931488033,-1.8354654312133791,0.7275225702953737,-0.3083403558575387,0.3104066191236013,-0.5284740915737638
1.3336620330810547,-0.16122084856033325,2.0459384918212886,-1.820905923843384,0.7316940188827836,-0.305192425553648,0.31053489560558084,-0.5244516419338132
1.350412368774414,-0.16122084856033325,2.0459384918212886,-1.820905923843384,0.7316940188827836,-0.305192425553648,0.31053489560558084,-0.5244516419338132
1.3670082092285156,-0.16096800565719604,2.045563459396362,-1.807188153266907,0.7333541615890284,-0.3038837495145539,0.3114629534723438,-0.522338175012428
1.3837149143218994,-0.16096800565719604,2.045563459396362,-1.807188153266907,0.7333541615890284,-0.3038837495145539,0.3114629534723438,-0.522338175012428
1.4002811908721924,-0.15988008677959442,2.0450191497802734,-1.7952947616577153,0.7340073263627303,-0.3023553816598528,0.3127986260705078,-0.5215088566415377
1.417107343673706,-0.15988008677959442,2.0450191497802734,-1.7952947616577153,0.7340073263627303,-0.3023553816598528,0.3127986260705078,-0.5215088566415377
1.4336447715759277,-0.15917207300662994,2.0447781085968013,-1.7853167057037358,0.7362178261541944,-0.3012276292324717,0.3133405390044552,-0.5187127668143272
1.4503681659698486,-0.15917207300662994,2.0447781085968013,-1.7853167057037358,0.7362178261541944,-0.3012276292324717,0.3133405390044552,-0.5187127668143272
1.4670093059539795,-0.15943245589733124,2.0442359447479244,-1.7760375738143923,0.7382434508118291,-0.3018720242596502,0.31382486099410406,-0.5151541952899685
1.483701467514038,-0.15943245589733124,2.0442359447479244,-1.7760375738143923,0.7382434508118291,-0.3018720242596502,0.31382486099410406,-0.5151541952899685
1.5003421306610107,-0.1598128378391266,2.0442428588867183,-1.769495487213135,0.7400974082010722,-0.3044537354032678,0.31485234558220626,-0.5103251413113365
1.5170655250549316,-0.1598128378391266,2.0442428588867183,-1.769495487213135,0.7400974082010722,-0.3044537354032678,0.31485234558220626,-0.5103251413113365
1.5340876579284668,-0.16083483397960663,2.0451302528381348,-1.7648789882659917,0.7409621503861963,-0.3074780970850146,0.316793930826395,-0.5060374659050488
1.5504143238067627,-0.16083483397960663,2.0451302528381348,-1.7648789882659917,0.7409621503861963,-0.3074780970850146,0.316793930826395,-0.5060374659050488
1.5669183731079102,-0.1617734730243683,2.0457065105438232,-1.762048482894898,0.741549387599996,-0.31027832013487766,0.31738974033420014,-0.5030860985307966
1.5835440158843994,-0.1617734730243683,2.0457065105438232,-1.762048482894898,0.741549387599996,-0.31027832013487766,0.31738974033420014,-0.5030860985307966
1.6002185344696045,-0.16171133518218994,2.045840501785278,-1.7610735893249512,0.7413712689653738,-0.310771405716656,0.3167976445744554,-0.5034173490590507
1.6168920993804932,-0.16171133518218994,2.045840501785278,-1.7610735893249512,0.7413712689653738,-0.310771405716656,0.3167976445744554,-0.5034173490590507
1.6335928440093994,-0.1614776849746704,2.0455510616302486,-1.761058807373047,0.7397716800398109,-0.307731795198373,0.31725159779771045,-0.5073366016067263
1.6502294540405273,-0.1614776849746704,2.0455510616302486,-1.761058807373047,0.7397716800398109,-0.307731795198373,0.31725159779771045,-0.5073366016067263
1.6668922901153564,-0.16164834797382355,2.045906066894531,-1.7619413137435915,0.7383814660268286,-0.3053156383068279,0.31696783659036193,-0.5109858727994262
1.6835603713989258,-0.16164834797382355,2.045906066894531,-1.7619413137435915,0.7383814660268286,-0.3053156383068279,0.31696783659036193,-0.5109858727994262
1.700188159942627,-0.16185440123081207,2.0465879440307613,-1.7628928422927859,0.7377147190184834,-0.3048519188279922,0.31542815943330854,-0.5131738274375328
1.7169108390808105,-0.16185440123081207,2.0465879440307613,-1.7628928422927859,0.7377147190184834,-0.3048519188279922,0.31542815943330854,-0.5131738274375328
1.7335453033447266,-0.1615286022424698,2.0470175743103023,-1.7632758617401125,0.7385530375440436,-0.3057432907946468,0.31370235436557997,-0.5124951548395544
1.7502379417419434,-0.1615286022424698,2.0470175743103023,-1.7632758617401125,0.7385530375440436,-0.3057432907946468,0.31370235436557997,-0.5124951548395544
1.7668952941894531,-0.16054017841815948,2.046693086624145,-1.764891624450684,0.7381826819991497,-0.3063788337817759,0.3135841867173334,-0.512721460490869
1.783585548400879,-0.16054017841815948,2.046693086624145,-1.764891624450684,0.7381826819991497,-0.3063788337817759,0.3135841867173334,-0.512721460490869
1.8002228736877441,-0.1608532965183258,2.046452760696411,-1.765150904655457,0.7385640306873307,-0.3074461944486422,0.31203869545650814,-0.5124762068932879
1.8168902397155762,-0.1608532965183258,2.046452760696411,-1.765150904655457,0.7385640306873307,-0.3074461944486422,0.31203869545650814,-0.5124762068932879
1.8336679935455322,-0.16093677282333374,2.046204090118408,-1.7655233144760136,0.7382430240742096,-0.30770183799137574,0.31270466500893107,-0.5123793602245776
1.8503146171569824,-0.16093677282333374,2.046204090118408,-1.7655233144760136,0.7382430240742096,-0.30770183799137574,0.31270466500893107,-0.5123793602245776
1.8668718338012695,-0.1608705222606659,2.046180725097656,-1.765613675117493,0.7379243253751125,-0.30864989439227036,0.3132627274882148,-0.5119271396184908
1.883671522140503,-0.1608705222606659,2.046180725097656,-1.765613675117493,0.7379243253751125,-0.30864989439227036,0.3132627274882148,-0.5119271396184908
1.9002118110656738,-0.16094346344470978,2.0464994907379146,-1.765221476554871,0.7380065035412718,-0.3101029701039809,0.31445619718972057,-0.5101958924888124
1.9168992042541504,-0.16094346344470978,2.0464994907379146,-1.765221476554871,0.7380065035412718,-0.3101029701039809,0.31445619718972057,-0.5101958924888124
1.933523178100586,-0.1608104109764099,2.0467572212219234,-1.7646312713623051,0.7384387363053386,-0.3105628574929161,0.31548492603643113,-0.5086533256682758
1.9502153396606445,-0.1608104109764099,2.0467572212219234,-1.7646312713623051,0.7384387363053386,-0.3105628574929161,0.31548492603643113,-0.5086533256682758
1.9669842720031738,-0.16086937487125397,2.0466833114624023,-1.7641144990921023,0.7389993307175193,-0.3104315204755429,0.3159417452421875,-0.5076347839811824
1.9835765361785889,-0.16086937487125397,2.0466833114624023,-1.7641144990921023,0.7389993307175193,-0.3104315204755429,0.3159417452421875,-0.5076347839811824
2.0002386569976807,-0.16058248281478882,2.0468344688415523,-1.764099359512329,0.7390227310223229,-0.3112457767353973,0.3153656002252184,-0.5074603508563742
2.0168819427490234,-0.16058248281478882,2.0468344688415523,-1.764099359512329,0.7390227310223229,-0.3112457767353973,0.3153656002252184,-0.5074603508563742
2.0335192680358887,-0.16049756109714508,2.0470950603485103,-1.7644023895263674,0.7390816438307851,-0.31185650836872103,0.3142573012725665,-0.5076870990456008
2.050271511077881,-0.16049756109714508,2.0470950603485103,-1.7644023895263674,0.7390816438307851,-0.31185650836872103,0.3142573012725665,-0.5076870990456008
2.06687331199646,-0.16021253168582916,2.046612977981567,-1.765238761901856,0.738588370612614,-0.31076324878524886,0.3138138406284801,-0.5093469303237673
2.0835633277893066,-0.16021253168582916,2.046612977981567,-1.765238761901856,0.738588370612614,-0.31076324878524886,0.3138138406284801,-0.5093469303237673
2.100186586380005,-0.15984311699867249,2.0468566417694087,-1.7660038471221926,0.7375876299497073,-0.3105242910666456,0.3137969319552912,-0.510950720029023
2.1169018745422363,-0.15984311699867249,2.0468566417694087,-1.7660038471221926,0.7375876299497073,-0.3105242910666456,0.3137969319552912,-0.510950720029023
2.1335761547088623,-0.1598404496908188,2.0470557212829585,-1.7664949893951418,0.7370813410404957,-0.3117532872244763,0.3136972577676892,-0.5109941438643985
2.150233030319214,-0.1598404496908188,2.0470557212829585,-1.7664949893951418,0.7370813410404957,-0.3117532872244763,0.3136972577676892,-0.5109941438643985
2.166862726211548,-0.15982894599437714,2.0471963882446285,-1.767073750495911,0.7367629219709491,-0.3125567166284777,0.31438742056506613,-0.5105381919990893
2.1835575103759766,-0.15982894599437714,2.0471963882446285,-1.767073750495911,0.7367629219709491,-0.3125567166284777,0.31438742056506613,-0.5105381919990893
2.2002227306365967,-0.1595369577407837,2.047448396682739,-1.767711997032166,0.7365763475996923,-0.3139252912026278,0.3144871620474356,-0.5099058938739508
2.216904878616333,-0.1595369577407837,2.047448396682739,-1.767711997032166,0.7365763475996923,-0.3139252912026278,0.3144871620474356,-0.5099058938739508
2.233513355255127,-0.15885263681411743,2.0473051071166988,-1.7688248157501225,0.7360531581184825,-0.3146216272373828,0.31484887655032423,-0.5100089852476211
2.2502317428588867,-0.15885263681411743,2.0473051071166988,-1.7688248157501225,0.7360531581184825,-0.3146216272373828,0.31484887655032423,-0.5100089852476211
2.2668726444244385,-0.15708613395690918,2.0476429462432857,-1.769214272499085,0.7362190137594957,-0.3146302734597392,0.3140798381369363,-0.5102383855390744
2.283573865890503,-0.15708613395690918,2.0476429462432857,-1.769214272499085,0.7362190137594957,-0.3146302734597392,0.3140798381369363,-0.5102383855390744
2.3002445697784424,-0.15490151941776276,2.049016952514648,-1.7700650691986086,0.7357842596867942,-0.31361727203521916,0.3137275834971494,-0.511703755342271
2.316967248916626,-0.15490151941776276,2.049016952514648,-1.7700650691986086,0.7357842596867942,-0.31361727203521916,0.3137275834971494,-0.511703755342271
2.3337953090667725,-0.1517716497182846,2.049590826034546,-1.7707098722457892,0.7359698785640871,-0.3120382595669902,0.31258105895899235,-0.5131018846124434
2.3502840995788574,-0.1517716497182846,2.049590826034546,-1.7707098722457892,0.7359698785640871,-0.3120382595669902,0.31258105895899235,-0.5131018846124434
2.3668971061706543,-0.1475318819284439,2.0510220527648926,-1.7712825536727907,0.7356619551788436,-0.3106643789287974,0.31267023317522574,-0.514321355431967
2.3836138248443604,-0.1475318819284439,2.0510220527648926,-1.7712825536727907,0.7356619551788436,-0.3106643789287974,0.31267023317522574,-0.514321355431967
2.400203227996826,-0.14282412827014923,2.05268383026123,-1.7716635465621953,0.7353177241898764,-0.30946966272363796,0.31215409516672604,-0.5158451252232409
2.4169046878814697,-0.14282412827014923,2.05268383026123,-1.7716635465621953,0.7353177241898764,-0.30946966272363796,0.31215409516672604,-0.5158451252232409
2.4335200786590576,-0.13675224781036377,2.054084539413452,-1.7720956802368166,0.735787569409531,-0.30641746014279386,0.3108366948016428,-0.5177890902547524
2.4502246379852295,-0.13675224781036377,2.054084539413452,-1.7720956802368166,0.735787569409531,-0.30641746014279386,0.3108366948016428,-0.5177890902547524
2.4668684005737305,-0.1301465481519699,2.0560736656188965,-1.7732317447662358,0.7346036006380323,-0.30217846326901326,0.3113929457244703,-0.5216130362817374
2.4835662841796875,-0.1301465481519699,2.0560736656188965,-1.7732317447662358,0.7346036006380323,-0.30217846326901326,0.3113929457244703,-0.5216130362817374
2.500371217727661,-0.12209804356098175,2.05834150314331,-1.7744754552841187,0.732894470160865,-0.2984712274224848,0.31195777656956253,-0.5257974587674568
2.516932964324951,-0.12209804356098175,2.05834150314331,-1.7744754552841187,0.732894470160865,-0.2984712274224848,0.31195777656956253,-0.5257974587674568
2.533869743347168,-0.11304759979248047,2.061203241348266,-1.775865912437439,0.7316776621659693,-0.29542730155818464,0.31108530135603835,-0.5297135484973118
2.5505945682525635,-0.11304759979248047,2.061203241348266,-1.775865912437439,0.7316776621659693,-0.29542730155818464,0.31108530135603835,-0.5297135484973118
2.5672919750213623,-0.1034523993730545,2.065550088882446,-1.77702796459198,0.7305582447979381,-0.29019350792873966,0.3096772250633549,-0.534950834367822
2.583822250366211,-0.1034523993730545,2.065550088882446,-1.77702796459198,0.7305582447979381,-0.29019350792873966,0.3096772250633549,-0.534950834367822
2.6004369258880615,-0.09225408732891083,2.0694317817687984,-1.7793116569519047,0.7290078822490016,-0.2840051102191201,0.30812448261429687,-0.5412466241944823
2.61721134185791,-0.09225408732891083,2.0694317817687984,-1.7793116569519047,0.7290078822490016,-0.2840051102191201,0.30812448261429687,-0.5412466241944823
2.6340060234069824,-0.08065785467624664,2.07274317741394,-1.7811282873153689,0.7275276991249385,-0.27797153350993004,0.30572738779697983,-0.5476915536275375
2.6505126953125,-0.08065785467624664,2.07274317741394,-1.7811282873153689,0.7275276991249385,-0.27797153350993004,0.30572738779697983,-0.5476915536275375
2.6670148372650146,-0.06848155707120895,2.07664132118225,-1.783040761947632,0.7278716795909177,-0.2702781456652723,0.301566353299673,-0.553362698944169
2.6836650371551514,-0.06848155707120895,2.07664132118225,-1.783040761947632,0.7278716795909177,-0.2702781456652723,0.301566353299673,-0.553362698944169
2.7002599239349365,-0.056633949279785156,2.081062793731689,-1.7850973606109621,0.7263124241637509,-0.262232157234862,0.29964662893125915,-0.5602824787439445
2.7170915603637695,-0.056633949279785156,2.081062793731689,-1.7850973606109621,0.7263124241637509,-0.262232157234862,0.29964662893125915,-0.5602824787439445
2.733579397201538,-0.045744769275188446,2.084713220596313,-1.787017107009888,0.7262883674121717,-0.2565006158108228,0.297032021283666,-0.5643444159222015
2.750433921813965,-0.045744769275188446,2.084713220596313,-1.787017107009888,0.7262883674121717,-0.2565006158108228,0.297032021283666,-0.5643444159222015
2.767077922821045,-0.035770293325185776,2.088572740554809,-1.7886741161346438,0.7269615585154076,-0.2510741108913307,0.2942279092159366,-0.5673787277642648
2.783637762069702,-0.035770293325185776,2.088572740554809,-1.7886741161346438,0.7269615585154076,-0.2510741108913307,0.2942279092159366,-0.5673787277642648
2.800295829772949,-0.0270212534815073,2.091540813446045,-1.7902492284774785,0.7270907597791691,-0.2451175464862331,0.29186317502395975,-0.5710274095989206
2.8171818256378174,-0.0270212534815073,2.091540813446045,-1.7902492284774785,0.7270907597791691,-0.2451175464862331,0.29186317502395975,-0.5710274095989206
2.8338353633880615,-0.020511655136942863,2.09365177154541,-1.7924704551696782,0.7258657745248881,-0.24104953869125245,0.2901940627838197,-0.5751533736275385
2.8504714965820312,-0.020511655136942863,2.09365177154541,-1.7924704551696782,0.7258657745248881,-0.24104953869125245,0.2901940627838197,-0.5751533736275385
2.8669798374176025,-0.01582174375653267,2.0949535369873042,-1.7942016124725346,0.7245125167159386,-0.2397291959754732,0.2889453943786124,-0.5780329443779809
2.883655548095703,-0.01582174375653267,2.0949535369873042,-1.7942016124725346,0.7245125167159386,-0.2397291959754732,0.2889453943786124,-0.5780329443779809
2.900286912918091,-0.012509834952652454,2.0958268642425533,-1.7957165241241457,0.7250106318037721,-0.241174405515193,0.2876677332439609,-0.5774441662586693
2.916980743408203,-0.012509834952652454,2.0958268642425533,-1.7957165241241457,0.7250106318037721,-0.241174405515193,0.2876677332439609,-0.5774441662586693
2.9337055683135986,-0.011004972271621227,2.0958173274993896,-1.7969384193420415,0.7255409593576359,-0.24296066222277382,0.2877824939322895,-0.5759701980942976
2.950434446334839,-0.011004972271621227,2.0958173274993896,-1.7969384193420415,0.7255409593576359,-0.24296066222277382,0.2877824939322895,-0.5759701980942976
2.9669792652130127,-0.010005039162933826,2.0957217216491695,-1.7980200052261355,0.725843243911545,-0.24527510613785872,0.28714655314719095,-0.5749248338632753
2.9837539196014404,-0.010005039162933826,2.0957217216491695,-1.7980200052261355,0.725843243911545,-0.24527510613785872,0.28714655314719095,-0.5749248338632753
3.0003340244293213,-0.009538293816149235,2.0957548618316646,-1.7987349033355715,0.7260552078248711,-0.24659400055903732,0.28667245945832626,-0.5743292914929441
3.017146110534668,-0.009538293816149235,2.0957548618316646,-1.7987349033355715,0.7260552078248711,-0.24659400055903732,0.28667245945832626,-0.5743292914929441
3.033679246902466,-0.009834332391619682,2.0956704616546626,-1.7990595102310183,0.72644801380453,-0.24790620053485174,0.2865186421345325,-0.5733435851958327
3.0503597259521484,-0.009834332391619682,2.0956704616546626,-1.7990595102310183,0.72644801380453,-0.24790620053485174,0.2865186421345325,-0.5733435851958327
3.066971778869629,-0.010524114593863487,2.0953559875488277,-1.799172401428223,0.7269287855564899,-0.24929211095932902,0.2860994212115434,-0.5723417731786037
3.0837502479553223,-0.010524114593863487,2.0953559875488277,-1.799172401428223,0.7269287855564899,-0.24929211095932902,0.2860994212115434,-0.5723417731786037
3.1003060340881348,-0.011137306690216064,2.094964742660522,-1.7992515563964844,0.727055160029165,-0.2506972465626148,0.2865751391581902,-0.571328604620277
3.116964101791382,-0.011137306690216064,2.094964742660522,-1.7992515563964844,0.727055160029165,-0.2506972465626148,0.2865751391581902,-0.571328604620277
3.1338069438934326,-0.0114022521302104,2.0948390960693355,-1.799157500267029,0.7273005725887647,-0.2520430637843448,0.2870734938716695,-0.5701727634906529
3.1503682136535645,-0.0114022521302104,2.0948390960693355,-1.799157500267029,0.7273005725887647,-0.2520430637843448,0.2870734938716695,-0.5701727634906529
3.1671459674835205,-0.012720462866127491,2.0950841903686523,-1.7995049953460698,0.7280815042448034,-0.25294711803120123,0.28654475015096714,-0.5690405827506978
3.1836862564086914,-0.012720462866127491,2.0950841903686523,-1.7995049953460698,0.7280815042448034,-0.25294711803120123,0.28654475015096714,-0.5690405827506978
3.200453042984009,-0.012472918257117271,2.0948343276977535,-1.7998995780944826,0.7284499694176075,-0.2537413703087138,0.2866698966902967,-0.5681516781467055
3.2171664237976074,-0.012472918257117271,2.0948343276977535,-1.7998995780944826,0.7284499694176075,-0.2537413703087138,0.2866698966902967,-0.5681516781467055
3.23363995552063,-0.013317879289388657,2.094557523727417,-1.8003280162811284,0.729192457239324,-0.25549069915821127,0.286091833862444,-0.5667047957677337
3.2504279613494873,-0.013317879289388657,2.094557523727417,-1.8003280162811284,0.729192457239324,-0.25549069915821127,0.286091833862444,-0.5667047957677337
3.266993522644043,-0.014113153330981731,2.0947980880737296,-1.8017094135284426,0.7293323028982376,-0.257626763772636,0.2860474559182101,-0.5655790797933666
3.2836925983428955,-0.014113153330981731,2.0947980880737296,-1.8017094135284426,0.7293323028982376,-0.257626763772636,0.2860474559182101,-0.5655790797933666
3.3002994060516357,-0.014684461057186127,2.094902515411377,-1.803421258926392,0.729881886681157,-0.2589941786778733,0.28547854372062403,-0.5645320610743736
3.316976308822632,-0.014684461057186127,2.094902515411377,-1.803421258926392,0.729881886681157,-0.2589941786778733,0.28547854372062403,-0.5645320610743736
3.3337416648864746,-0.015235296450555325,2.0945670604705806,-1.8059587478637698,0.7298810836987748,-0.25969422150621546,0.2848189269242239,-0.5645446783388507
3.350375175476074,-0.015235296450555325,2.0945670604705806,-1.8059587478637698,0.7298810836987748,-0.25969422150621546,0.2848189269242239,-0.5645446783388507
3.3671271800994873,-0.016122175380587578,2.0945694446563716,-1.8094782829284672,0.7301004988426456,-0.26015731692773403,0.28418039190290806,-0.5643695038683364
3.3837010860443115,-0.016122175380587578,2.0945694446563716,-1.8094782829284672,0.7301004988426456,-0.26015731692773403,0.28418039190290806,-0.5643695038683364
3.4003050327301025,-0.016711566597223282,2.0946452617645264,-1.813871264457703,0.7298754155144478,-0.26165651291156516,0.2838869862419643,-0.5641151709722289
3.4169442653656006,-0.016711566597223282,2.0946452617645264,-1.813871264457703,0.7298754155144478,-0.26165651291156516,0.2838869862419643,-0.5641151709722289
3.433586835861206,-0.017661690711975098,2.0948615074157715,-1.8192838430404668,0.7298254000662102,-0.26334089496436985,0.2841291962153783,-0.5632735199843537
3.450322151184082,-0.017661690711975098,2.0948615074157715,-1.8192838430404668,0.7298254000662102,-0.26334089496436985,0.2841291962153783,-0.5632735199843537
3.4669086933135986,-0.01910865306854248,2.0949659347534175,-1.8261560201644897,0.7288800709182927,-0.26649476224026747,0.2847569761460659,-0.5626969419259331
3.483605146408081,-0.01910865306854248,2.0949659347534175,-1.8261560201644897,0.7288800709182927,-0.26649476224026747,0.2847569761460659,-0.5626969419259331
3.5002262592315674,-0.019613593816757202,2.095147848129272,-1.8341990709304812,0.7286385604375196,-0.26780480944594326,0.2843298226552624,-0.5626037541911607
3.5169119834899902,-0.019613593816757202,2.095147848129272,-1.8341990709304812,0.7286385604375196,-0.26780480944594326,0.2843298226552624,-0.5626037541911607
3.5336010456085205,-0.02093726024031639,2.0958189964294434,-1.8444361686706547,0.7269248535173767,-0.26948415694271777,0.28423673871244864,-0.5640638464409188
3.550232172012329,-0.02093726024031639,2.0958189964294434,-1.8444361686706547,0.7269248535173767,-0.26948415694271777,0.28423673871244864,-0.5640638464409188
3.566932439804077,-0.021893594413995743,2.0968894958496094,-1.8558074235916142,0.724860840059085,-0.27033550532008316,0.28347834709216213,-0.5666881892558452
3.5835623741149902,-0.021893594413995743,2.0968894958496094,-1.8558074235916142,0.724860840059085,-0.27033550532008316,0.28347834709216213,-0.5666881892558452
3.6001970767974854,-0.02255227044224739,2.097979068756103,-1.8683083057403567,0.7235369763712151,-0.27102771283939,0.2819982715817882,-0.5687839638399919
3.616870880126953,-0.02255227044224739,2.097979068756103,-1.8683083057403567,0.7235369763712151,-0.27102771283939,0.2819982715817882,-0.5687839638399919
3.6335182189941406,-0.02377413772046566,2.099242210388183,-1.8822718858718874,0.721420952035837,-0.27260725650018064,0.28088533870892507,-0.571262216644444
3.6502528190612793,-0.02377413772046566,2.099242210388183,-1.8822718858718874,0.721420952035837,-0.27260725650018064,0.28088533870892507,-0.571262216644444
3.6669297218322754,-0.025853365659713745,2.1004638671874996,-1.897471308708191,0.7197558937474098,-0.2736971906123805,0.27908236258441277,-0.5737197365971121
3.6835570335388184,-0.025853365659713745,2.1004638671874996,-1.897471308708191,0.7197558937474098,-0.2736971906123805,0.27908236258441277,-0.5737197365971121
3.700192451477051,-0.027925284579396248,2.102156162261962,-1.9141893386840823,0.7155854165002876,-0.27734857113994066,0.27939322345207884,-0.5770222772716838
3.7171833515167236,-0.027925284579396248,2.102156162261962,-1.9141893386840823,0.7155854165002876,-0.27734857113994066,0.27939322345207884,-0.5770222772716838
3.7336220741271973,-0.029760241508483887,2.103773832321167,-1.9311242103576662,0.712433361610824,-0.28031942833005913,0.27704813107556947,-0.5806066279609147
3.7501935958862305,-0.029760241508483887,2.103773832321167,-1.9311242103576662,0.712433361610824,-0.28031942833005913,0.27704813107556947,-0.5806066279609147
3.7668068408966064,-0.03134312108159065,2.1052496433258057,-1.9480277299880988,0.7090347174452245,-0.2822941741273679,0.2753948593161028,-0.5845831336716633
3.7834384441375732,-0.03134312108159065,2.1052496433258057,-1.9480277299880988,0.7090347174452245,-0.2822941741273679,0.2753948593161028,-0.5845831336716633
3.8004837036132812,-0.03324529156088829,2.1067278385162354,-1.965030074119568,0.7049693080388206,-0.2833207908492322,0.2747594377642175,-0.5892833406395627
3.817361831665039,-0.03324529156088829,2.1067278385162354,-1.965030074119568,0.7049693080388206,-0.2833207908492322,0.2747594377642175,-0.5892833406395627
3.8335459232330322,-0.035648856312036514,2.109114170074463,-1.9810156822204592,0.7021598800349812,-0.28774312091473025,0.27268999291378676,-0.5914520834354977
3.8501651287078857,-0.035648856312036514,2.109114170074463,-1.9810156822204592,0.7021598800349812,-0.28774312091473025,0.27268999291378676,-0.5914520834354977
3.8667960166931152,-0.03805134817957878,2.1114053726196285,-1.9963314533233645,0.6996503331983911,-0.29243490859479654,0.27199260988201296,-0.5924451499169392
3.8834924697875977,-0.03805134817957878,2.1114053726196285,-1.9963314533233645,0.6996503331983911,-0.29243490859479654,0.27199260988201296,-0.5924451499169392
3.90008282661438,-0.040595609694719315,2.1136903762817383,-2.0105693340301514,0.6978077456347842,-0.29666461034920616,0.27023333588071663,-0.5933198153418052
3.91680645942688,-0.040595609694719315,2.1136903762817383,-2.0105693340301514,0.6978077456347842,-0.29666461034920616,0.27023333588071663,-0.5933198153418052
3.9333980083465576,-0.04337460175156593,2.116161823272705,-2.023892402648926,0.6945710170681253,-0.30076954369112563,0.27008035693798255,-0.5951179585872317
3.9501218795776367,-0.04337460175156593,2.116161823272705,-2.023892402648926,0.6945710170681253,-0.30076954369112563,0.27008035693798255,-0.5951179585872317
3.966768980026245,-0.045754484832286835,2.1190202236175537,-2.036876201629639,0.6905422827046878,-0.3059677883514123,0.2680638988629448,-0.598060878518852
3.9834377765655518,-0.045754484832286835,2.1190202236175537,-2.036876201629639,0.6905422827046878,-0.3059677883514123,0.2680638988629448,-0.598060878518852
4.000143766403198,-0.047620441764593124,2.1211791038513184,-2.049367904663086,0.6868324921372456,-0.3081580640908534,0.2665778099539441,-0.601860454358381
4.016850233078003,-0.047620441764593124,2.1211791038513184,-2.049367904663086,0.6868324921372456,-0.3081580640908534,0.2665778099539441,-0.601860454358381
4.033453702926636,-0.04984652251005173,2.1233305931091304,-2.0608067512512207,0.6827527461317012,-0.3107865238083657,0.2641587434073838,-0.6062017671948547
4.0501227378845215,-0.04984652251005173,2.1233305931091304,-2.0608067512512207,0.6827527461317012,-0.3107865238083657,0.2641587434073838,-0.6062017671948547
4.066789150238037,-0.0513387955725193,2.1259477138519283,-2.0708634853363037,0.6809682370200654,-0.3145174436104946,0.25994947032903215,-0.6081013983787235
4.083551406860352,-0.0513387955725193,2.1259477138519283,-2.0708634853363037,0.6809682370200654,-0.3145174436104946,0.25994947032903215,-0.6081013983787235
4.100285291671753,-0.052994899451732635,2.128793954849243,-2.0796706676483154,0.6788838844790096,-0.3178901187046497,0.2571231384048341,-0.6098772298762128
4.116913557052612,-0.052994899451732635,2.128793954849243,-2.0796706676483154,0.6788838844790096,-0.3178901187046497,0.2571231384048341,-0.6098772298762128
4.133538484573364,-0.05400769039988518,2.1312675476074214,-2.087018728256226,0.678218496849581,-0.3198471877015572,0.2541713249093937,-0.6108308969299957
4.150226831436157,-0.05400769039988518,2.1312675476074214,-2.087018728256226,0.678218496849581,-0.3198471877015572,0.2541713249093937,-0.6108308969299957
4.1669602394104,-0.05384652316570282,2.133597612380981,-2.093135118484497,0.6770706724842332,-0.3206700799178282,0.2508136848487946,-0.6130566856334015
4.183581829071045,-0.05384652316570282,2.133597612380981,-2.093135118484497,0.6770706724842332,-0.3206700799178282,0.2508136848487946,-0.6130566856334015
4.200202703475952,-0.05354291945695877,2.134947299957275,-2.098017930984497,0.675251389695777,-0.32040974208025286,0.24746309925075113,-0.6165510298452194
4.216897249221802,-0.05354291945695877,2.134947299957275,-2.098017930984497,0.675251389695777,-0.32040974208025286,0.24746309925075113,-0.6165510298452194
4.233526945114136,-0.053544480353593826,2.1360278129577637,-2.1012356281280518,0.6731610865781332,-0.3205224476533586,0.2466571234793357,-0.6190959340071186
4.250222444534302,-0.053544480353593826,2.1360278129577637,-2.1012356281280518,0.6731610865781332,-0.3205224476533586,0.2466571234793357,-0.6190959340071186
4.266867637634277,-0.05342193320393562,2.1362450122833248,-2.103858709335328,0.6730643484350758,-0.32075393983551853,0.24572622407731348,-0.6194513021589069
4.283657550811768,-0.05342193320393562,2.1362450122833248,-2.103858709335328,0.6730643484350758,-0.32075393983551853,0.24572622407731348,-0.6194513021589069
4.300231695175171,-0.053495679050683975,2.136715888977051,-2.105321168899536,0.6736586733094359,-0.32144374654679986,0.24600543166894634,-0.6183358612196956
4.317128658294678,-0.053495679050683975,2.136715888977051,-2.105321168899536,0.6736586733094359,-0.32144374654679986,0.24600543166894634,-0.6183358612196956
4.333552122116089,-0.05342895910143852,2.1368608474731445,-2.1059992313385014,0.6741766576104378,-0.32210167885420643,0.24553230615703447,-0.6176165715439706
4.350327253341675,-0.05342895910143852,2.1368608474731445,-2.1059992313385014,0.6741766576104378,-0.32210167885420643,0.24553230615703447,-0.6176165715439706
4.366879940032959,-0.05369073525071144,2.1373524665832515,-2.1074795722961426,0.6741230862125926,-0.32078509529331034,0.24483042707131852,-0.6186380599776796
4.383641242980957,-0.05369073525071144,2.1373524665832515,-2.1074795722961426,0.6741230862125926,-0.32078509529331034,0.24483042707131852,-0.6186380599776796
4.400253772735596,-0.05409465357661247,2.1366868019104,-2.1085247993469247,0.6738066043020448,-0.3192556967108912,0.24376058615902074,-0.6201945152546914
4.417108058929443,-0.05409465357661247,2.1366868019104,-2.1085247993469247,0.6738066043020448,-0.3192556967108912,0.24376058615902074,-0.6201945152546914
4.433733701705933,-0.054718200117349625,2.136013031005859,-2.109022617340088,0.67363781037085,-0.31895327122558215,0.24282931815852193,-0.6208984083213086
4.450466632843018,-0.054718200117349625,2.136013031005859,-2.109022617340088,0.67363781037085,-0.31895327122558215,0.24282931815852193,-0.6208984083213086
4.467097759246826,-0.056855689734220505,2.135691165924072,-2.1090221405029297,0.673288787672549,-0.31991821062592807,0.24305631958988017,-0.6206916886923455
4.484035968780518,-0.056855689734220505,2.135691165924072,-2.1090221405029297,0.673288787672549,-0.31991821062592807,0.24305631958988017,-0.6206916886923455
4.500204086303711,-0.05917187035083771,2.134426116943359,-2.1086232662200928,0.6734216834396106,-0.3198596057532265,0.24403489708848108,-0.6201935487279482
4.516833305358887,-0.05917187035083771,2.134426116943359,-2.1086232662200928,0.6734216834396106,-0.3198596057532265,0.24403489708848108,-0.6201935487279482
4.533550024032593,-0.06253176927566528,2.132845640182495,-2.1085436344146733,0.6745322581939083,-0.3199939295090228,0.2434820373844555,-0.6191337619645014
4.550170421600342,-0.06253176927566528,2.132845640182495,-2.1085436344146733,0.6745322581939083,-0.3199939295090228,0.2434820373844555,-0.6191337619645014
4.566851615905762,-0.06646016985177994,2.1310930252075195,-2.107716321945191,0.6738819204349406,-0.3217698380695986,0.24402861102702084,-0.6187062029912127
4.583533048629761,-0.06646016985177994,2.1310930252075195,-2.107716321945191,0.6738819204349406,-0.3217698380695986,0.24402861102702084,-0.6187062029912127
4.600248336791992,-0.07126510143280029,2.1293146610260005,-2.1076049804687504,0.6739821671977737,-0.3220159114017731,0.24380664924580814,-0.6185564718657538
4.616870164871216,-0.07126510143280029,2.1293146610260005,-2.1076049804687504,0.6739821671977737,-0.3220159114017731,0.24380664924580814,-0.6185564718657538
4.633515357971191,-0.07692953199148178,2.1268246173858643,-2.1073179244995117,0.6742272450837838,-0.3224738050918087,0.24230797886086572,-0.6186397258475272
4.650357723236084,-0.07692953199148178,2.1268246173858643,-2.1073179244995117,0.6742272450837838,-0.3224738050918087,0.24230797886086572,-0.6186397258475272
4.667001008987427,-0.0837988331913948,2.1234965324401855,-2.1070485115051274,0.6733206299156813,-0.32536317933137304,0.24254447263663645,-0.6180212857650994
4.683731317520142,-0.0837988331913948,2.1234965324401855,-2.1070485115051274,0.6733206299156813,-0.32536317933137304,0.24254447263663645,-0.6180212857650994
4.700385093688965,-0.09207925200462341,2.120118379592895,-2.106535434722901,0.6728013942690819,-0.3283223590076883,0.2436174638575683,-0.6165981217525827
4.717248201370239,-0.09207925200462341,2.120118379592895,-2.106535434722901,0.6728013942690819,-0.3283223590076883,0.2436174638575683,-0.6165981217525827
4.734222412109375,-0.10016237199306488,2.1166913509368896,-2.1053974628448486,0.6727678986586692,-0.3318856652064333,0.24499563008707093,-0.6141761970339791
4.7505340576171875,-0.10016237199306488,2.1166913509368896,-2.1053974628448486,0.6727678986586692,-0.3318856652064333,0.24499563008707093,-0.6141761970339791
4.767540454864502,-0.11014807224273682,2.1128687858581534,-2.103979349136353,0.6731699971087399,-0.3363625230584453,0.24683581919608047,-0.6105526074272191
4.783667087554932,-0.11014807224273682,2.1128687858581534,-2.103979349136353,0.6731699971087399,-0.3363625230584453,0.24683581919608047,-0.6105526074272191
4.800274848937988,-0.12068064510822296,2.1090483665466304,-2.1028256416320805,0.6737546660856393,-0.34077628661625914,0.24744686942048072,-0.6072036060679032
4.816918134689331,-0.12068064510822296,2.1090483665466304,-2.1028256416320805,0.6737546660856393,-0.34077628661625914,0.24744686942048072,-0.6072036060679032
4.833616018295288,-0.13128668069839478,2.1053802967071533,-2.102002382278443,0.672929556743074,-0.3451134792833363,0.24965615138409109,-0.6047597077803745
4.850237846374512,-0.13128668069839478,2.1053802967071533,-2.102002382278443,0.672929556743074,-0.3451134792833363,0.24965615138409109,-0.6047597077803745
4.866951942443848,-0.1417752355337143,2.1016185283660884,-2.10156512260437,0.6711320283425843,-0.348299222538254,0.2509173036842569,-0.6044087679905371
4.883624792098999,-0.1417752355337143,2.1016185283660884,-2.10156512260437,0.6711320283425843,-0.348299222538254,0.2509173036842569,-0.6044087679905371
4.90018892288208,-0.1521776169538498,2.0980579853057852,-2.101023674011231,0.6695706931830624,-0.3515953628986245,0.2523171649129093,-0.6036487686634087
4.916904449462891,-0.1521776169538498,2.0980579853057852,-2.101023674011231,0.6695706931830624,-0.3515953628986245,0.2523171649129093,-0.6036487686634087
4.933645009994507,-0.16263800859451294,2.0946452617645264,-2.100468635559082,0.6682760243332186,-0.3555744665340414,0.25312677629306235,-0.6024124742847722
4.950365781784058,-0.16263800859451294,2.0946452617645264,-2.100468635559082,0.6682760243332186,-0.3555744665340414,0.25312677629306235,-0.6024124742847722
4.966907978057861,-0.1729804277420044,2.0917069911956787,-2.09960150718689,0.6691225462173606,-0.35861834356957945,0.25303192415496667,-0.5997022154014797
4.9835474491119385,-0.1729804277420044,2.0917069911956787,-2.09960150718689,0.6691225462173606,-0.35861834356957945,0.25303192415496667,-0.5997022154014797
5.0001959800720215,-0.18305402994155884,2.08791708946228,-2.0990257263183594,0.6690054974360173,-0.36293604019330544,0.2534981220960517,-0.5970324758528345
5.016901969909668,-0.18305402994155884,2.08791708946228,-2.0990257263183594,0.6690054974360173,-0.36293604019330544,0.2534981220960517,-0.5970324758528345
5.0335352420806885,-0.1925942599773407,2.085420846939087,-2.098477125167847,0.6683405844082972,-0.36622861059741685,0.255003136113809,-0.5951225660187852
5.050270080566406,-0.1925942599773407,2.085420846939087,-2.098477125167847,0.6683405844082972,-0.36622861059741685,0.255003136113809,-0.5951225660187852
5.066968679428101,-0.2022620141506195,2.0822656154632564,-2.0983774662017822,0.6679806261745087,-0.3706369589710225,0.2551731580303308,-0.5927198217716795
5.083729267120361,-0.2022620141506195,2.0822656154632564,-2.0983774662017822,0.6679806261745087,-0.3706369589710225,0.2551731580303308,-0.5927198217716795
5.100199222564697,-0.21103759109973907,2.080217599868774,-2.098558187484742,0.6674978245773132,-0.37562773140367767,0.256614285691463,-0.589490941375812
5.1169445514678955,-0.21103759109973907,2.080217599868774,-2.098558187484742,0.6674978245773132,-0.37562773140367767,0.256614285691463,-0.589490941375812
5.133502721786499,-0.2190849781036377,2.078147172927856,-2.0985019207000732,0.6669088650116508,-0.38114389107777197,0.2571857012657893,-0.5863594589732405
5.1502251625061035,-0.2190849781036377,2.078147172927856,-2.0985019207000732,0.6669088650116508,-0.38114389107777197,0.2571857012657893,-0.5863594589732405
5.166929483413696,-0.22536450624465942,2.0766611099243164,-2.0982444286346436,0.6659464227931408,-0.38531575521936445,0.2581405131782888,-0.5843035223279078
5.183553218841553,-0.22536450624465942,2.0766611099243164,-2.0982444286346436,0.6659464227931408,-0.38531575521936445,0.2581405131782888,-0.5843035223279078
5.200271844863892,-0.22901828587055206,2.0752742290496826,-2.0984129905700684,0.6658514223398226,-0.38693360387525894,0.25771019170338827,-0.5835321127858707
5.216905355453491,-0.22901828587055206,2.0752742290496826,-2.0984129905700684,0.6658514223398226,-0.38693360387525894,0.25771019170338827,-0.5835321127858707
5.2335124015808105,-0.23121346533298492,2.0740504264831534,-2.0981969833374023,0.6661981646822447,-0.3866489214994987,0.25732520615780935,-0.5834949486954657
5.250238656997681,-0.23121346533298492,2.0740504264831534,-2.0981969833374023,0.6661981646822447,-0.3866489214994987,0.25732520615780935,-0.5834949486954657
5.2668585777282715,-0.23191936314105988,2.073566198348998,-2.097758293151856,0.6663750506223536,-0.38510457531071673,0.2573413621670388,-0.5843065815997807
5.2836339473724365,-0.23191936314105988,2.073566198348998,-2.097758293151856,0.6663750506223536,-0.38510457531071673,0.2573413621670388,-0.5843065815997807
5.300212383270264,-0.23149943351745605,2.073843717575073,-2.097667694091797,0.6664035431474591,-0.38356653405526053,0.25748382072321,-0.5852222771726353
5.316892385482788,-0.23149943351745605,2.073843717575073,-2.097667694091797,0.6664035431474591,-0.38356653405526053,0.25748382072321,-0.5852222771726353
5.333490371704102,-0.23051854968070984,2.0741605758666988,-2.097623348236084,0.6666406822780477,-0.3819003988811495,0.25726071089839564,-0.5861392434348088
5.350350618362427,-0.23051854968070984,2.0741605758666988,-2.097623348236084,0.6666406822780477,-0.3819003988811495,0.25726071089839564,-0.5861392434348088
5.3668506145477295,-0.229685440659523,2.074031114578247,-2.0978963375091557,0.6662367287437894,-0.38048365486841723,0.2564965159702314,-0.5878523172922588
5.383702754974365,-0.229685440659523,2.074031114578247,-2.0978963375091557,0.6662367287437894,-0.38048365486841723,0.2564965159702314,-0.5878523172922588
5.4002227783203125,-0.22866606712341309,2.0739879608154297,-2.098392963409424,0.6653121706018936,-0.3796002508894796,0.2561869955451227,-0.5896029074616272
5.4168479442596436,-0.22866606712341309,2.0739879608154297,-2.098392963409424,0.6653121706018936,-0.3796002508894796,0.2561869955451227,-0.5896029074616272
5.433889389038086,-0.22756142914295197,2.073606014251708,-2.0984773635864262,0.6642131159275123,-0.37749457552671956,0.25629262699758615,-0.5921426107150567
5.450735569000244,-0.22756142914295197,2.073606014251708,-2.0984773635864262,0.6642131159275123,-0.37749457552671956,0.25629262699758615,-0.5921426107150567
5.467113018035889,-0.22741883993148804,2.073429822921753,-2.0985639095306396,0.6623837580146777,-0.3766651229845346,0.25653760485293137,-0.5946087785609288
5.48375678062439,-0.22741883993148804,2.073429822921753,-2.0985639095306396,0.6623837580146777,-0.3766651229845346,0.25653760485293137,-0.5946087785609288
5.500503063201904,-0.2271166443824768,2.0731451511383057,-2.0978565216064453,0.6619024322029002,-0.37702356309100166,0.2561182268889034,-0.5950981910351725
5.5169677734375,-0.2271166443824768,2.0731451511383057,-2.0978565216064453,0.6619024322029002,-0.37702356309100166,0.2561182268889034,-0.5950981910351725
5.533806324005127,-0.22710590064525604,2.072611331939697,-2.096460103988648,0.6621083108203356,-0.37713856441925697,0.25545208053505575,-0.5950826182310615
5.55034613609314,-0.22710590064525604,2.072611331939697,-2.096460103988648,0.6621083108203356,-0.37713856441925697,0.25545208053505575,-0.5950826182310615
5.5673909187316895,-0.2271309792995453,2.071797132492065,-2.0944316387176514,0.66014265684864,-0.37753143499591785,0.2564815885902032,-0.5965726132777027
5.583767414093018,-0.2271309792995453,2.071797132492065,-2.0944316387176514,0.66014265684864,-0.37753143499591785,0.2564815885902032,-0.5965726132777027
5.600367069244385,-0.2272764891386032,2.070180177688598,-2.090761661529542,0.6588244877789766,-0.3769458971600722,0.25816708442797454,-0.5976720182800234
5.617051839828491,-0.2272764891386032,2.070180177688598,-2.090761661529542,0.6588244877789766,-0.3769458971600722,0.25816708442797454,-0.5976720182800234
5.633692026138306,-0.2270057201385498,2.0684814453125,-2.084584712982178,0.660260554882933,-0.37657441794437424,0.2585147654786908,-0.5961692909275308
5.650460243225098,-0.2270057201385498,2.0684814453125,-2.084584712982178,0.660260554882933,-0.37657441794437424,0.2585147654786908,-0.5961692909275308
5.667170524597168,-0.22737644612789154,2.0667693614959712,-2.0768790245056152,0.662572109480853,-0.3777840903234163,0.2589170209647779,-0.5926545006083443
5.683795213699341,-0.22737644612789154,2.0667693614959712,-2.0768790245056152,0.662572109480853,-0.3777840903234163,0.2589170209647779,-0.5926545006083443
5.700482368469238,-0.22779059410095215,2.064570188522338,-2.0677049160003667,0.6648099343058479,-0.37828111144727744,0.2592246866658633,-0.5896895062602452
5.717174530029297,-0.22779059410095215,2.064570188522338,-2.0677049160003667,0.6648099343058479,-0.37828111144727744,0.2592246866658633,-0.5896895062602452
5.733788013458252,-0.22713443636894226,2.0618374347686763,-2.057543992996216,0.6655598969651282,-0.37882398428125524,0.25979340189678335,-0.58824297770219
5.750361204147339,-0.22713443636894226,2.0618374347686763,-2.057543992996216,0.6655598969651282,-0.37882398428125524,0.25979340189678335,-0.58824297770219
5.767045259475708,-0.22625792026519775,2.059190988540649,-2.045360803604127,0.6673400104779369,-0.3760420020315221,0.26178856854251664,-0.5871255985765669
5.783616781234741,-0.22625792026519775,2.059190988540649,-2.045360803604127,0.6673400104779369,-0.3760420020315221,0.26178856854251664,-0.5871255985765669
5.800321817398071,-0.22578728199005127,2.056338310241699,-2.0325405597686768,0.668627899531506,-0.3749019266786237,0.26233895202517243,-0.5861429446739731
5.816950082778931,-0.22578728199005127,2.056338310241699,-2.0325405597686768,0.668627899531506,-0.3749019266786237,0.26233895202517243,-0.5861429446739731
5.833689451217651,-0.22474665939807892,2.0539972782135005,-2.019054889678955,0.6709493524521792,-0.37410601879783256,0.26308224650991624,-0.5836603333399769
5.850283861160278,-0.22474665939807892,2.0539972782135005,-2.019054889678955,0.6709493524521792,-0.37410601879783256,0.26308224650991624,-0.5836603333399769
5.8669984340667725,-0.2239871472120285,2.0512878894805904,-2.004369020462036,0.6730324781405669,-0.3703310057061061,0.2660447696482889,-0.5823250038624996
5.883672714233398,-0.2239871472120285,2.0512878894805904,-2.004369020462036,0.6730324781405669,-0.3703310057061061,0.2660447696482889,-0.5823250038624996
5.900279998779297,-0.22264887392520905,2.0486772060394287,-1.9901030063629157,0.675973920529071,-0.3691831905255847,0.2661052411958405,-0.5796128287106925
5.9169721603393555,-0.22264887392520905,2.0486772060394287,-1.9901030063629157,0.675973920529071,-0.3691831905255847,0.2661052411958405,-0.5796128287106925
5.93359637260437,-0.22135776281356812,2.0464541912078853,-1.9749026298522951,0.6784957819963151,-0.36791281630976935,0.2675312566635349,-0.5768107662971041
5.950588703155518,-0.22135776281356812,2.0464541912078853,-1.9749026298522951,0.6784957819963151,-0.36791281630976935,0.2675312566635349,-0.5768107662971041
5.966936826705933,-0.21990805864334106,2.044347286224365,-1.9598765373229987,0.682330869111289,-0.3640970590892286,0.26869406688796843,-0.5741614886420122
5.983651161193848,-0.21990805864334106,2.044347286224365,-1.9598765373229987,0.682330869111289,-0.3640970590892286,0.26869406688796843,-0.5741614886420122
6.000260591506958,-0.2184070199728012,2.042810440063476,-1.9450297355651855,0.6843103665427047,-0.3615081386273775,0.2707851920549985,-0.5724566077110957
6.017014980316162,-0.2184070199728012,2.042810440063476,-1.9450297355651855,0.6843103665427047,-0.3615081386273775,0.2707851920549985,-0.5724566077110957
6.033740520477295,-0.21637773513793945,2.0410830974578853,-1.9301788806915285,0.6872514791612032,-0.35904005539036976,0.27092097264463116,-0.5704186792149301
6.050429821014404,-0.21637773513793945,2.0410830974578853,-1.9301788806915285,0.6872514791612032,-0.35904005539036976,0.27092097264463116,-0.5704186792149301
6.067151784896851,-0.21427768468856812,2.0398464202880855,-1.9151949882507326,0.6902033644476371,-0.3553398241614305,0.27316413521266175,-0.5680970694376134
6.084110260009766,-0.21427768468856812,2.0398464202880855,-1.9151949882507326,0.6902033644476371,-0.3553398241614305,0.27316413521266175,-0.5680970694376134
6.100736141204834,-0.21195438504219055,2.039320230484009,-1.8999748229980473,0.6934801704105801,-0.3528953148425057,0.27396356169964337,-0.5652381063502065
6.117471218109131,-0.21195438504219055,2.039320230484009,-1.8999748229980473,0.6934801704105801,-0.3528953148425057,0.27396356169964337,-0.5652381063502065
6.134068727493286,-0.20982839167118073,2.038497924804687,-1.8843342065811162,0.6977995502666123,-0.3508586569561216,0.27466751826896857,-0.5608312980697726
6.150427579879761,-0.20982839167118073,2.038497924804687,-1.8843342065811162,0.6977995502666123,-0.3508586569561216,0.27466751826896857,-0.5608312980697726
6.16681432723999,-0.2078126221895218,2.0385465621948238,-1.869227170944214,0.7018863471255553,-0.34847994327919585,0.2757361607134136,-0.5566748193747402
6.183498859405518,-0.2078126221895218,2.0385465621948238,-1.869227170944214,0.7018863471255553,-0.34847994327919585,0.2757361607134136,-0.5566748193747402
6.200231552124023,-0.20568108558654785,2.0380175113677974,-1.854428887367249,0.7043852746881298,-0.34400274191736563,0.2787135312013203,-0.5548173265870063
6.216845273971558,-0.20568108558654785,2.0380175113677974,-1.854428887367249,0.7043852746881298,-0.34400274191736563,0.2787135312013203,-0.5548173265870063
6.2335364818573,-0.20403960347175598,2.038056850433349,-1.8397302627563479,0.70776577517506,-0.340140694174508,0.28021966896331785,-0.5521311916414602
6.250178575515747,-0.20403960347175598,2.038056850433349,-1.8397302627563479,0.70776577517506,-0.340140694174508,0.28021966896331785,-0.5521311916414602
6.266818284988403,-0.20268523693084717,2.0383415222167964,-1.8260035514831547,0.7119917084157418,-0.33746142958497205,0.28127338519084005,-0.5477890775407863
6.283575773239136,-0.20268523693084717,2.0383415222167964,-1.8260035514831547,0.7119917084157418,-0.33746142958497205,0.28127338519084005,-0.5477890775407863
6.300288915634155,-0.2011314481496811,2.038796901702881,-1.8136042356491093,0.7158747601212319,-0.3359185058295856,0.28417659783866855,-0.5421491921080646
6.317013502120972,-0.2011314481496811,2.038796901702881,-1.8136042356491093,0.7158747601212319,-0.3359185058295856,0.28417659783866855,-0.5421491921080646
6.333876132965088,-0.19994713366031647,2.0394024848937984,-1.8035506010055544,0.71908092661257,-0.33611717804459545,0.2852208036927142,-0.5372122082996882
6.350346088409424,-0.19994713366031647,2.0394024848937984,-1.8035506010055544,0.71908092661257,-0.33611717804459545,0.2852208036927142,-0.5372122082996882
6.366994619369507,-0.20030029118061066,2.03989315032959,-1.7949519157409672,0.7209185725989447,-0.33624809088760244,0.28787014543188755,-0.5332395450689745
6.383822441101074,-0.20030029118061066,2.03989315032959,-1.7949519157409672,0.7209185725989447,-0.33624809088760244,0.28787014543188755,-0.5332395450689745
6.400353908538818,-0.200256809592247,2.0404634475708003,-1.7890568971633913,0.7220687766422189,-0.33684280944236145,0.2899866203035123,-0.5301522079274338
6.417065858840942,-0.200256809592247,2.0404634475708003,-1.7890568971633913,0.7220687766422189,-0.33684280944236145,0.2899866203035123,-0.5301522079274338
6.433629274368286,-0.19974848628044128,2.0409879684448238,-1.7857834100723269,0.7222226331545348,-0.3363108061195779,0.29153526883126,-0.5294305401787986
6.4503257274627686,-0.19974848628044128,2.0409879684448238,-1.7857834100723269,0.7222226331545348,-0.3363108061195779,0.29153526883126,-0.5294305401787986
6.467130184173584,-0.19975541532039642,2.041488170623779,-1.7835465669631962,0.7224814819897889,-0.33631278042403995,0.29204184425476076,-0.5287965422632489
6.483807325363159,-0.19975541532039642,2.041488170623779,-1.7835465669631962,0.7224814819897889,-0.33631278042403995,0.29204184425476076,-0.5287965422632489
6.500394821166992,-0.19902408123016357,2.0416398048400874,-1.783907294273377,0.7223519447992406,-0.33552911725759377,0.2914738640792143,-0.5297837916318567
6.517027854919434,-0.19902408123016357,2.0416398048400874,-1.783907294273377,0.7223519447992406,-0.33552911725759377,0.2914738640792143,-0.5297837916318567
6.533659219741821,-0.19819121062755585,2.0421371459960933,-1.7854399681091309,0.7205178317872568,-0.33499791122373584,0.29088272771139667,-0.5329331029983988
6.550386667251587,-0.19819121062755585,2.0421371459960933,-1.7854399681091309,0.7205178317872568,-0.33499791122373584,0.29088272771139667,-0.5329331029983988
6.567047834396362,-0.19735488295555115,2.0413804054260254,-1.7873790264129645,0.7196036039609061,-0.334171087046193,0.28968309834263123,-0.5353354465038296
6.5837109088897705,-0.19735488295555115,2.0413804054260254,-1.7873790264129645,0.7196036039609061,-0.334171087046193,0.28968309834263123,-0.5353354465038296
6.600506067276001,-0.19642062485218048,2.041659593582153,-1.7897366285324101,0.718529965940299,-0.33541561793524843,0.28828337830169365,-0.5367529646736111
6.61709189414978,-0.19642062485218048,2.041659593582153,-1.7897366285324101,0.718529965940299,-0.33541561793524843,0.28828337830169365,-0.5367529646736111
6.633813381195068,-0.19587884843349457,2.0415368080139156,-1.7919937372207642,0.7173525884406392,-0.3365479610037155,0.28786757590896184,-0.537841047654467
6.650410890579224,-0.19587884843349457,2.0415368080139156,-1.7919937372207642,0.7173525884406392,-0.3365479610037155,0.28786757590896184,-0.537841047654467
6.667026519775391,-0.19511188566684723,2.0414507389068604,-1.7939729690551762,0.7170367628658336,-0.33733190505484045,0.28680407373868616,-0.5383390101208091
6.683587551116943,-0.19511188566684723,2.0414507389068604,-1.7939729690551762,0.7170367628658336,-0.33733190505484045,0.28680407373868616,-0.5383390101208091
6.700230360031128,-0.19482643902301788,2.041528940200805,-1.7954047918319704,0.7164078663579444,-0.3377639892560814,0.28642495737894386,-0.5391066688260735
6.716867923736572,-0.19482643902301788,2.041528940200805,-1.7954047918319704,0.7164078663579444,-0.3377639892560814,0.28642495737894386,-0.5391066688260735
6.733460903167725,-0.1936451941728592,2.04137635231018,-1.7964415550231936,0.716490955240063,-0.3370765679982108,0.28602268734427305,-0.5396398064358203
6.750165700912476,-0.1936451941728592,2.04137635231018,-1.7964415550231936,0.716490955240063,-0.3370765679982108,0.28602268734427305,-0.5396398064358203
6.766874551773071,-0.19339479506015778,2.0414206981658936,-1.796957135200501,0.715733347283379,-0.3375110935828553,0.2870820492143916,-0.539811017221676
6.783533573150635,-0.19339479506015778,2.0414206981658936,-1.796957135200501,0.715733347283379,-0.3375110935828553,0.2870820492143916,-0.539811017221676
6.8001580238342285,-0.19277484714984894,2.0414440631866455,-1.7973121404647832,0.71586834943334,-0.338451482962259,0.2871440251334582,-0.5390096555632273
6.816911935806274,-0.19277484714984894,2.0414440631866455,-1.7973121404647832,0.71586834943334,-0.338451482962259,0.2871440251334582,-0.5390096555632273
6.833569765090942,-0.1917869597673416,2.0416231155395503,-1.7977344989776614,0.715772066276349,-0.33942065224994983,0.2880829975082444,-0.5380261671251401
6.85017466545105,-0.1917869597673416,2.0416231155395503,-1.7977344989776614,0.715772066276349,-0.33942065224994983,0.2880829975082444,-0.5380261671251401
6.866893291473389,-0.19014446437358856,2.0425436496734615,-1.7981997728347778,0.7159798932581658,-0.339509108154704,0.2877636677985975,-0.5378646943471207
6.8835670948028564,-0.19014446437358856,2.0425436496734615,-1.7981997728347778,0.7159798932581658,-0.339509108154704,0.2877636677985975,-0.5378646943471207
6.900127649307251,-0.18751224875450134,2.0427656173706055,-1.7995293140411384,0.7159579218799217,-0.3386537575978333,0.2868415446371983,-0.538924683821773
6.917145729064941,-0.18751224875450134,2.0427656173706055,-1.7995293140411384,0.7159579218799217,-0.3386537575978333,0.2868415446371983,-0.538924683821773
6.93379545211792,-0.18437235057353973,2.0435113906860347,-1.8009195327758794,0.7149720416559173,-0.3361895883008087,0.2868537824647866,-0.5417623536700819
6.9504523277282715,-0.18437235057353973,2.0435113906860347,-1.8009195327758794,0.7149720416559173,-0.3361895883008087,0.2868537824647866,-0.5417623536700819
6.9671149253845215,-0.1806725561618805,2.044603586196899,-1.8021258115768435,0.7148903879043635,-0.3339357048337748,0.2860048353856438,-0.5437094007419306
6.983692407608032,-0.1806725561618805,2.044603586196899,-1.8021258115768435,0.7148903879043635,-0.3339357048337748,0.2860048353856438,-0.5437094007419306
7.000255584716797,-0.17618879675865173,2.0455927848815914,-1.803250074386597,0.7151755870990056,-0.3329669595049321,0.2852855290644669,-0.5443060264245112
7.016960859298706,-0.17618879675865173,2.0455927848815914,-1.803250074386597,0.7151755870990056,-0.3329669595049321,0.2852855290644669,-0.5443060264245112
7.033441543579102,-0.1702934354543686,2.046324253082275,-1.8044447898864746,0.715278948704421,-0.3313783624658282,0.285478956829124,-0.5450377708356731
7.050424098968506,-0.1702934354543686,2.046324253082275,-1.8044447898864746,0.715278948704421,-0.3313783624658282,0.285478956829124,-0.5450377708356731
7.067155838012695,-0.16343377530574799,2.0479235649108882,-1.8055293560028078,0.7152473107812943,-0.3285077119133301,0.2849824421746827,-0.5470730986675807
7.083868741989136,-0.16343377530574799,2.0479235649108882,-1.8055293560028078,0.7152473107812943,-0.3285077119133301,0.2849824421746827,-0.5470730986675807
7.100563287734985,-0.1554955244064331,2.0499420166015625,-1.8068537712097172,0.7158353382359536,-0.32508713024098074,0.28305450266852084,-0.5493434943670288
7.117105484008789,-0.1554955244064331,2.0499420166015625,-1.8068537712097172,0.7158353382359536,-0.32508713024098074,0.28305450266852084,-0.5493434943670288
7.134022235870361,-0.14556825160980225,2.0525610446929927,-1.8077765703201298,0.717163151141334,-0.31897714164047913,0.279958147638759,-0.5527694214829332
7.150719881057739,-0.14556825160980225,2.0525610446929927,-1.8077765703201298,0.717163151141334,-0.31897714164047913,0.279958147638759,-0.5527694214829332
7.167219161987305,-0.13466723263263702,2.055645704269409,-1.809116125106812,0.7182258447201006,-0.3113202779493327,0.2763040839194601,-0.5575727519553623
7.184014558792114,-0.13466723263263702,2.055645704269409,-1.809116125106812,0.7182258447201006,-0.3113202779493327,0.2763040839194601,-0.5575727519553623
7.200510025024414,-0.12273041903972626,2.058857202529907,-1.8098007440567019,0.719688300052435,-0.3032423501201013,0.2725949226041229,-0.5619473605523262
7.217209100723267,-0.12273041903972626,2.058857202529907,-1.8098007440567019,0.719688300052435,-0.3032423501201013,0.2725949226041229,-0.5619473605523262
7.233876466751099,-0.11042149364948273,2.062173843383789,-1.8104321956634526,0.7205898476070046,-0.2959241321054916,0.26957515266365334,-0.5661346276546713
7.250455379486084,-0.11042149364948273,2.062173843383789,-1.8104321956634526,0.7205898476070046,-0.2959241321054916,0.26957515266365334,-0.5661346276546713
7.267133712768555,-0.0982145145535469,2.065416574478149,-1.810669541358948,0.7213527476434465,-0.28805762130914175,0.26770847336631104,-0.5700922675855621
7.283860683441162,-0.0982145145535469,2.065416574478149,-1.810669541358948,0.7213527476434465,-0.28805762130914175,0.26770847336631104,-0.5700922675855621
7.300430774688721,-0.08667068183422089,2.0691642761230464,-1.8107612133026125,0.7230325484125357,-0.28012253734196985,0.2650056030611857,-0.5731730352653969
7.317341566085815,-0.08667068183422089,2.0691642761230464,-1.8107612133026125,0.7230325484125357,-0.28012253734196985,0.2650056030611857,-0.5731730352653969
7.333765268325806,-0.07574864476919174,2.0726921558380123,-1.8107473850250246,0.7240604660155161,-0.27288944112824975,0.2629123407496851,-0.5763201328737585
7.350491285324097,-0.07574864476919174,2.0726921558380123,-1.8107473850250246,0.7240604660155161,-0.27288944112824975,0.2629123407496851,-0.5763201328737585
7.367124795913696,-0.06541871279478073,2.075822830200195,-1.810488104820252,0.7257231841062473,-0.26621581288815693,0.25934621066213404,-0.5789598811957353
7.3836634159088135,-0.06541871279478073,2.075822830200195,-1.810488104820252,0.7257231841062473,-0.26621581288815693,0.25934621066213404,-0.5789598811957353
7.400313377380371,-0.05712437629699707,2.0787897109985347,-1.8103259801864626,0.7267982841622971,-0.2613901446862045,0.2564996694129499,-0.581074320539734
7.417116165161133,-0.05712437629699707,2.0787897109985347,-1.8103259801864626,0.7267982841622971,-0.2613901446862045,0.2564996694129499,-0.581074320539734
7.43361234664917,-0.050549257546663284,2.0814325809478755,-1.8106013536453252,0.7282601588719348,-0.2566193117848848,0.2534240981489747,-0.5827176814686984
7.4503333568573,-0.050549257546663284,2.0814325809478755,-1.8106013536453252,0.7282601588719348,-0.2566193117848848,0.2534240981489747,-0.5827176814686984
7.46694016456604,-0.046449895948171616,2.0831234455108643,-1.810839176177979,0.7286388125853944,-0.25451844535096374,0.25280955242344044,-0.583432234260102
7.483767747879028,-0.046449895948171616,2.0831234455108643,-1.810839176177979,0.7286388125853944,-0.25451844535096374,0.25280955242344044,-0.583432234260102
7.500280857086182,-0.043856244534254074,2.084012269973755,-1.8106752634048466,0.7293279541512828,-0.2553241456911658,0.25303543369392645,-0.5821197344326228
7.517159700393677,-0.043856244534254074,2.084012269973755,-1.8106752634048466,0.7293279541512828,-0.2553241456911658,0.25303543369392645,-0.5821197344326228
7.533575057983398,-0.04215611144900322,2.084388256072998,-1.8109078407287604,0.7301777609250685,-0.25720676066131926,0.2531681682786778,-0.580164630334342
7.550872325897217,-0.04215611144900322,2.084388256072998,-1.8109078407287604,0.7301777609250685,-0.25720676066131926,0.2531681682786778,-0.580164630334342
7.567127466201782,-0.04197296127676964,2.08463454246521,-1.8117977380752568,0.7295777078188354,-0.2586565729525521,0.25416766564174686,-0.5798378594611429
7.583588361740112,-0.04197296127676964,2.08463454246521,-1.8117977380752568,0.7295777078188354,-0.2586565729525521,0.25416766564174686,-0.5798378594611429
7.6002278327941895,-0.04256107285618782,2.0845899581909175,-1.8124065399169924,0.7292923676360881,-0.25967439196997494,0.2537031726132717,-0.5799453016179484
7.616915941238403,-0.04256107285618782,2.0845899581909175,-1.8124065399169924,0.7292923676360881,-0.25967439196997494,0.2537031726132717,-0.5799453016179484
7.633505344390869,-0.04265598952770233,2.0847387313842773,-1.8131546974182131,0.7293570272869779,-0.2601662636819427,0.25317458978504187,-0.5798745287353604
7.650418996810913,-0.04265598952770233,2.0847387313842773,-1.8131546974182131,0.7293570272869779,-0.2601662636819427,0.25317458978504187,-0.5798745287353604
7.6671013832092285,-0.04246151074767113,2.084990978240967,-1.8137279748916628,0.7296171390867793,-0.2612956205477401,0.25230445791521117,-0.5794185788784358
7.683562517166138,-0.04246151074767113,2.084990978240967,-1.8137279748916628,0.7296171390867793,-0.2612956205477401,0.25230445791521117,-0.5794185788784358
7.700242280960083,-0.04302137717604637,2.085095167160034,-1.8147252798080447,0.7296820765179967,-0.2611638913611755,0.2521094141590138,-0.5794810888630202
7.7173004150390625,-0.04302137717604637,2.085095167160034,-1.8147252798080447,0.7296820765179967,-0.2611638913611755,0.2521094141590138,-0.5794810888630202
7.73383092880249,-0.04317669942975044,2.0852916240692134,-1.8157964944839478,0.7292897551245276,-0.2621584560792642,0.2520192003282044,-0.5795651125132322
7.750386953353882,-0.04317669942975044,2.0852916240692134,-1.8157964944839478,0.7292897551245276,-0.2621584560792642,0.2520192003282044,-0.5795651125132322
7.7669782638549805,-0.044096287339925766,2.0855197906494136,-1.8169035911560059,0.729004751304161,-0.26245039949883825,0.25203233677507914,-0.5797857894072185
7.783627986907959,-0.044096287339925766,2.0855197906494136,-1.8169035911560059,0.729004751304161,-0.26245039949883825,0.25203233677507914,-0.5797857894072185
7.800305128097534,-0.04478625953197479,2.08580207824707,-1.8184763193130495,0.7283114531658329,-0.2623266761956107,0.252096277972586,-0.5806846035293209
7.817055940628052,-0.04478625953197479,2.08580207824707,-1.8184763193130495,0.7283114531658329,-0.2623266761956107,0.252096277972586,-0.5806846035293209
7.833611488342285,-0.04522831737995148,2.0860717296600337,-1.8204910755157475,0.7283261732337951,-0.2627169291348229,0.2522467168758618,-0.5804243226760342
7.850393533706665,-0.04522831737995148,2.0860717296600337,-1.8204910755157475,0.7283261732337951,-0.2627169291348229,0.2522467168758618,-0.5804243226760342
7.866908311843872,-0.04590073972940445,2.0866677761077876,-1.8232872486114504,0.7297200812715148,-0.26335778804945337,0.25217821900932946,-0.5784093916250633
7.883599281311035,-0.04590073972940445,2.0866677761077876,-1.8232872486114504,0.7297200812715148,-0.26335778804945337,0.25217821900932946,-0.5784093916250633
7.90034294128418,-0.04754636436700821,2.0879049301147456,-1.8276989459991455,0.730021167924799,-0.2651269514622419,0.25294394886795135,-0.5768848695546949
7.917163372039795,-0.04754636436700821,2.0879049301147456,-1.8276989459991455,0.730021167924799,-0.2651269514622419,0.25294394886795135,-0.5768848695546949
7.933701276779175,-0.04852195456624031,2.0891408920288077,-1.8343703746795657,0.7307324830089048,-0.26722414073002526,0.2517136338548476,-0.5755532498547182
7.950355291366577,-0.04852195456624031,2.0891408920288077,-1.8343703746795657,0.7307324830089048,-0.26722414073002526,0.2517136338548476,-0.5755532498547182
7.966984033584595,-0.04979756847023964,2.090162992477417,-1.8432509899139409,0.7290896865432398,-0.26824250387318055,0.25150687556948187,-0.5772507943982442
7.983668804168701,-0.04979756847023964,2.090162992477417,-1.8432509899139409,0.7290896865432398,-0.26824250387318055,0.25150687556948187,-0.5772507943982442
8.00042200088501,-0.05068662762641907,2.0915858745574947,-1.8540982007980351,0.7267868416475448,-0.26644834719581406,0.2512211702127852,-0.5810973143299873
8.017030000686646,-0.05068662762641907,2.0915858745574947,-1.8540982007980351,0.7267868416475448,-0.26644834719581406,0.2512211702127852,-0.5810973143299873
8.03361701965332,-0.05161815509200096,2.092625141143799,-1.8668982982635505,0.7234466840580874,-0.26550388983962736,0.250532865046815,-0.5859742855593746
8.050268650054932,-0.05161815509200096,2.092625141143799,-1.8668982982635505,0.7234466840580874,-0.26550388983962736,0.250532865046815,-0.5859742855593746
8.066970348358154,-0.05305149033665657,2.094000101089477,-1.8814293146133427,0.7201748335768129,-0.26731121817917974,0.2497253970374579,-0.5895168765969783
8.083731651306152,-0.05305149033665657,2.094000101089477,-1.8814293146133427,0.7201748335768129,-0.26731121817917974,0.2497253970374579,-0.5895168765969783
8.100292444229126,-0.05417856201529503,2.0953426361083984,-1.8966873884201052,0.7189829040468956,-0.26795372784550775,0.24792048901545008,-0.5914387665247588
8.117009401321411,-0.05417856201529503,2.0953426361083984,-1.8966873884201052,0.7189829040468956,-0.26795372784550775,0.24792048901545008,-0.5914387665247588
8.133578300476074,-0.05620696768164635,2.097142696380615,-1.912922024726868,0.7160946103303841,-0.27088244628414454,0.24684884448192304,-0.5940512244990596
8.150359392166138,-0.05620696768164635,2.097142696380615,-1.912922024726868,0.7160946103303841,-0.27088244628414454,0.24684884448192304,-0.5940512244990596
8.16708755493164,-0.0573701485991478,2.0991871356964107,-1.9301033020019531,0.7133661565820152,-0.27133054324164724,0.24437268439922974,-0.5981391594496308
8.183538675308228,-0.0573701485991478,2.0991871356964107,-1.9301033020019531,0.7133661565820152,-0.27133054324164724,0.24437268439922974,-0.5981391594496308
8.20020055770874,-0.05857231840491295,2.1021888256073,-1.947663187980652,0.7107647433439046,-0.27313559375376106,0.24204662290978657,-0.6013516935887194
8.216937065124512,-0.05857231840491295,2.1021888256073,-1.947663187980652,0.7107647433439046,-0.27313559375376106,0.24204662290978657,-0.6013516935887194
8.233497858047485,-0.06004747748374939,2.1050703525543213,-1.9652452468872073,0.7076019073470479,-0.273944857340696,0.2421203688031782,-0.6046746917690689
8.250238418579102,-0.06004747748374939,2.1050703525543213,-1.9652452468872073,0.7076019073470479,-0.273944857340696,0.2421203688031782,-0.6046746917690689
8.26684045791626,-0.06203682720661163,2.108506917953491,-1.9834711551666266,0.7054993395938502,-0.2779415800345188,0.23814451355463884,-0.6068824849873168
8.283775329589844,-0.06203682720661163,2.108506917953491,-1.9834711551666266,0.7054993395938502,-0.2779415800345188,0.23814451355463884,-0.6068824849873168
8.300203800201416,-0.0642414540052414,2.112688302993774,-2.0013279914855957,0.7023107973906695,-0.2824110176104149,0.23665875652293364,-0.609094568980672
8.317229747772217,-0.0642414540052414,2.112688302993774,-2.0013279914855957,0.7023107973906695,-0.2824110176104149,0.23665875652293364,-0.609094568980672
8.333751916885376,-0.06642887741327286,2.116714715957641,-2.0197339057922363,0.6998525174926141,-0.2871592578740521,0.23376997039076242,-0.6108171701253786
8.350764036178589,-0.06642887741327286,2.116714715957641,-2.0197339057922363,0.6998525174926141,-0.2871592578740521,0.23376997039076242,-0.6108171701253786
8.366927862167358,-0.06865031272172928,2.1208734512329097,-2.0376956462860107,0.6969679354240317,-0.29195252956767326,0.2286814019927727,-0.6137623594294616
8.383498668670654,-0.06865031272172928,2.1208734512329097,-2.0376956462860107,0.6969679354240317,-0.29195252956767326,0.2286814019927727,-0.6137623594294616
8.400153398513794,-0.07104213535785675,2.1242547035217285,-2.054891586303711,0.6919553357012123,-0.2958837406021238,0.2266143068464432,-0.6183013677604344
8.416857719421387,-0.07104213535785675,2.1242547035217285,-2.054891586303711,0.6919553357012123,-0.2958837406021238,0.2266143068464432,-0.6183013677604344
8.433512449264526,-0.07196881622076035,2.1274869441986075,-2.0707254409790044,0.6890492444222057,-0.2977079810877973,0.22445229329771207,-0.6214517397121138
8.450344324111938,-0.07196881622076035,2.1274869441986075,-2.0707254409790044,0.6890492444222057,-0.2977079810877973,0.22445229329771207,-0.6214517397121138
8.466878175735474,-0.07507669180631638,2.1313033103942867,-2.081818103790283,0.6879882717360641,-0.3001771782083353,0.22302768173200327,-0.6219521306481336
8.483708381652832,-0.07507669180631638,2.1313033103942867,-2.081818103790283,0.6879882717360641,-0.3001771782083353,0.22302768173200327,-0.6219521306481336
8.50019645690918,-0.07763559371232986,2.1343674659729,-2.091043710708619,0.6859882682294206,-0.30557725697249305,0.22349658231794672,-0.6213629483361272
8.516900777816772,-0.07763559371232986,2.1343674659729,-2.091043710708619,0.6859882682294206,-0.30557725697249305,0.22349658231794672,-0.6213629483361272
8.533519506454468,-0.07968734204769135,2.1367130279541016,-2.0976176261901855,0.6858836367257959,-0.30875714907677554,0.2221395607139181,-0.6203923559583933
8.550266981124878,-0.07968734204769135,2.1367130279541016,-2.0976176261901855,0.6858836367257959,-0.30875714907677554,0.2221395607139181,-0.6203923559583933
8.566918134689331,-0.08116916567087173,2.138325214385986,-2.1049180030822754,0.6840194806126844,-0.31165021583756963,0.22140244969668932,-0.6212668093332001
8.583557367324829,-0.08116916567087173,2.138325214385986,-2.1049180030822754,0.6840194806126844,-0.31165021583756963,0.22140244969668932,-0.6212668093332001
8.60024380683899,-0.08089930564165115,2.139673948287963,-2.1101922988891606,0.6823884714711362,-0.31157067846629777,0.22032734633896822,-0.6234785856615811
8.616855382919312,-0.08089930564165115,2.139673948287963,-2.1101922988891606,0.6823884714711362,-0.31157067846629777,0.22032734633896822,-0.6234785856615811
8.633575201034546,-0.08199332654476166,2.1406402587890616,-2.1133418083190922,0.6807917861551903,-0.31075196068293015,0.21993512911667212,-0.6257669708571816
8.650285720825195,-0.08199332654476166,2.1406402587890616,-2.1133418083190922,0.6807917861551903,-0.31075196068293015,0.21993512911667212,-0.6257669708571816
8.667050838470459,-0.08293446153402328,2.1412446498870845,-2.115462064743042,0.6806095340554588,-0.31246768009563264,0.21909657021749138,-0.6254049120109281
8.683654546737671,-0.08293446153402328,2.1412446498870845,-2.115462064743042,0.6806095340554588,-0.31246768009563264,0.21909657021749138,-0.6254049120109281
8.700420618057251,-0.08343847095966339,2.1414999961853027,-2.117208957672119,0.6802670793363315,-0.3148523438965863,0.2186858106327278,-0.6247249142958442
8.717038869857788,-0.08343847095966339,2.1414999961853027,-2.117208957672119,0.6802670793363315,-0.3148523438965863,0.2186858106327278,-0.6247249142958442
8.73398470878601,-0.0836072638630867,2.1423578262329097,-2.1186366081237793,0.6791824510016563,-0.31530208825367534,0.21916538042094244,-0.6255096541374865
8.750704526901245,-0.0836072638630867,2.1423578262329097,-2.1186366081237793,0.6791824510016563,-0.31530208825367534,0.21916538042094244,-0.6255096541374865
8.767193794250488,-0.08358945697546005,2.1423003673553462,-2.118889808654785,0.6789165467827797,-0.3147146008508428,0.218203050992938,-0.6264299410574288
8.783851385116577,-0.08358945697546005,2.1423003673553462,-2.118889808654785,0.6789165467827797,-0.3147146008508428,0.218203050992938,-0.6264299410574288
8.800508260726929,-0.08319219201803207,2.1421215534210205,-2.118956089019776,0.6787916643187998,-0.3144805043370418,0.21776021371441417,-0.6268368034554817
8.817189455032349,-0.08319219201803207,2.1421215534210205,-2.118956089019776,0.6787916643187998,-0.3144805043370418,0.21776021371441417,-0.6268368034554817
8.833769798278809,-0.08331511169672012,2.1420321464538574,-2.1186683177948002,0.6788100418259158,-0.3149971720569255,0.21800393905174445,-0.6264726580389294
8.850342035293579,-0.08331511169672012,2.1420321464538574,-2.1186683177948002,0.6788100418259158,-0.3149971720569255,0.21800393905174445,-0.6264726580389294
8.86680793762207,-0.08247427642345428,2.141379117965698,-2.117625236511231,0.6797952957634671,-0.31408534577374836,0.21765350790900226,-0.625983787268449
8.88346791267395,-0.08247427642345428,2.141379117965698,-2.117625236511231,0.6797952957634671,-0.31408534577374836,0.21765350790900226,-0.625983787268449
8.900173902511597,-0.08270325511693954,2.141456365585327,-2.116454839706421,0.6797024503662148,-0.31326068152193876,0.21851945566911166,-0.6261961129491693
8.916892051696777,-0.08270325511693954,2.141456365585327,-2.116454839706421,0.6797024503662148,-0.31326068152193876,0.21851945566911166,-0.6261961129491693
8.933468103408813,-0.08236245810985565,2.1411082744598384,-2.116123199462891,0.680241890952692,-0.3131837876247409,0.21812812203976287,-0.6257851127484046
8.950190544128418,-0.08236245810985565,2.1411082744598384,-2.116123199462891,0.680241890952692,-0.3131837876247409,0.21812812203976287,-0.6257851127484046
